3DD.003B9C10CD,Methow River,,,,
3DD.003B9C10CE,Methow River,,Methow River,48.05039,-119.904106
3DD.003B9C10D0,Methow River,,Similkameen River,,
3DD.003B9C10D1,Methow River,,Omak Creek,,
3DD.003B9C10D5,Methow River,,Salmon Creek,,
3DD.003B9C10D6,Methow River,,Brewster Boat Launch,48.090547,-119.786141
3DD.003B9C10D7,Methow River,,Starr Boat Launch,47.983552,-119.887492
3DD.003B9C10D8,Methow River,,TURO - Turtle Rock Pond,47.542169,-120.293332
3DD.003B9C10D9,Methow River,,Daroga State Park,47.711251,-120.208455
3DD.003B9C10DB,Methow River,,RRH Forebay,47.542169,-120.293332
3DD.003B9C10DE,Methow River,,,,
3DD.003B9C10DF,Methow River,,,,
3DD.003B9C10E0,Methow River,,,,
3DD.003B9C10E1,Methow River,,,,
3DD.003B9C10E4,Similkameen River,,,,
3DD.003B9C10E5,Methow River,,,,
3DD.003B9C10E9,Methow River,,,,
3DD.003B9C10EA,Methow River,,,,
3DD.003B9C10EB,Methow River,,,,
3DD.003B9C10EC,Methow River,,,,
3DD.003B9C10ED,Methow River,,,,
3DD.003B9C10EE,Methow River,,,,
3DD.003B9C10EF,Methow River,,,,
3DD.003B9C10F0,Methow River,,,,
3DD.003B9C10F1,Methow River,,,,
3DD.003B9C10F2,Methow River,,,,
3DD.003B9C10F5,Methow River,,,,
3DD.003B9C10F6,Methow River,,,,
3DD.003B9C10F8,Methow River,,,,
3DD.003B9C10F9,Similkameen River,,,,
3DD.003B9C10FA,Methow River,,,,
3DD.003B9C10FC,Similkameen River,,,,
3DD.003B9C10FE,Methow River,,,,
3DD.003B9C10FF,Methow River,,,,
3DD.003B9C1100,Methow River,,,,
3DD.003B9C1101,Methow River,,,,
3DD.003B9C1102,Methow River,,,,
3DD.003B9C1104,Methow River,,,,
3DD.003B9C1107,Methow River,,,,
3DD.003B9C1108,Methow River,,,,
3DD.003B9C1109,Methow River,,,,
3DD.003B9C110F,Methow River,,,,
3DD.003B9C1111,Methow River,,,,
3DD.003B9C1112,Methow River,,,,
3DD.003B9C1115,Methow River,,,,
3DD.003B9C1116,Methow River,,,,
3DD.003B9C1117,Methow River,,,,
3DD.003B9C1118,Methow River,,,,
3DD.003B9C1119,Methow River,,,,
3DD.003B9C111B,Methow River,,,,
3DD.003B9C111C,Methow River,,,,
3DD.003B9C111E,Methow River,,,,
3DD.003B9C1120,Methow River,,,,
3DD.003B9C1121,Methow River,,,,
3DD.003B9C1122,Methow River,,,,
3DD.003B9C1123,Methow River,,,,
3DD.003B9C1124,Methow River,,,,
3DD.003B9C1125,Methow River,,,,
3DD.003B9C1126,Methow River,,,,
3DD.003B9C1127,Methow River,,,,
3DD.003B9C1128,Methow River,,,,
3DD.003B9C1129,Methow River,,,,
3DD.003B9C112A,Methow River,,,,
3DD.003B9C112B,Methow River,,,,
3DD.003B9C112D,Methow River,,,,
3DD.003B9C112E,Methow River,,,,
3DD.003BDCA3E5,Methow River,,,,
3DD.003BDCA3EA,Methow River,,,,
3DD.003BDCA3EC,Methow River,,,,
3DD.003BDCA3F2,Methow River,,,,
3DD.003BDCA3F3,Methow River,,,,
3DD.003BDCA3F5,Methow River,,,,
3DD.003BDCA3F9,Methow River,,,,
3DD.003BDCA400,Methow River,,,,
3DD.003BDCA402,Methow River,,,,
3DD.003BDCA404,Methow River,,,,
3DD.003BDCA405,Methow River,,,,
3DD.003BDCA407,Methow River,,,,
3DD.003BDCA409,Methow River,,,,
3DD.003BDCA40A,Methow River,,,,
3DD.003BDCA40F,Methow River,,,,
3DD.003BDCA415,Methow River,,,,
3DD.003BDCA416,Methow River,,,,
3DD.003BDCA418,Methow River,,,,
3DD.003BDCA41B,Methow River,,,,
3DD.003BDCA41E,Methow River,,,,
3DD.003BDCA420,Methow River,,,,
3DD.003BDCA423,Methow River,,,,
3DD.003BDCA428,Methow River,,,,
3DD.003BDCA444,Methow River,,,,
3DD.003D284961,Similkameen River,,,,
3DD.003D284962,Similkameen River,,,,
3DD.003D284963,Methow River,,,,
3DD.003D284964,Similkameen River,,,,
3DD.003D284965,Methow River,,,,
3DD.003D284966,Methow River,,,,
3DD.003D284967,Methow River,,,,
3DD.003D284968,Methow River,,,,
3DD.003D284969,Methow River,,,,
3DD.003D28496A,Methow River,,,,
3DD.003D28496B,Similkameen River,,,,
3DD.003D28496C,Methow River,,,,
3DD.003D28496D,Methow River,,,,
3DD.003D28496E,Similkameen River,,,,
3DD.003D28496F,Methow River,,,,
3DD.003D284970,Methow River,,,,
3DD.003D284971,Similkameen River,,,,
3DD.003D284972,Methow River,,,,
3DD.003D284973,Methow River,,,,
3DD.003D284974,Similkameen River,,,,
3DD.003D284975,Methow River,,,,
3DD.003D284976,Methow River,,,,
3DD.003D284977,Methow River,,,,
3DD.003D284978,Methow River,,,,
3DD.003D284979,Similkameen River,,,,
3DD.003D28497A,Methow River,,,,
3DD.003D28497B,Methow River,,,,
3DD.003D28497C,Similkameen River,,,,
3DD.003D28497D,Similkameen River,,,,
3DD.003D28497E,Similkameen River,,,,
3DD.003D28497F,Methow River,,,,
3DD.003D284980,Methow River,,,,
3DD.003D284981,Methow River,,,,
3DD.003D284982,Methow River,,,,
3DD.003D284983,Methow River,,,,
3DD.003D284984,Similkameen River,,,,
3DD.003D284985,Methow River,,,,
3DD.003D284986,Similkameen River,,,,
3DD.003D284987,Similkameen River,,,,
3DD.003D284988,Methow River,,,,
3DD.003D284989,Methow River,,,,
3DD.003D28498A,Methow River,,,,
3DD.003D28498B,Methow River,,,,
3DD.003D28498C,Methow River,,,,
3DD.003D28498D,Methow River,,,,
3DD.003D28498E,Methow River,,,,
3DD.003D28498F,Methow River,,,,
3DD.003D284990,Methow River,,,,
3DD.003D284991,Similkameen River,,,,
3DD.003D284992,Methow River,,,,
3DD.003D284993,Methow River,,,,
3DD.003D284994,Similkameen River,,,,
3DD.003D284995,Methow River,,,,
3DD.003D284996,Methow River,,,,
3DD.003D284997,Methow River,,,,
3DD.003D284998,Methow River,,,,
3DD.003D284999,Similkameen River,,,,
3DD.003D28499A,Similkameen River,,,,
3DD.003D28499B,Methow River,,,,
3DD.003D28499C,Similkameen River,,,,
3DD.003D28499D,Methow River,,,,
3DD.003D28499E,Methow River,,,,
3DD.003D28499F,Similkameen River,,,,
3DD.003D2849A0,Methow River,,,,
3DD.003D2849A1,Methow River,,,,
3DD.003D2849A2,Similkameen River,,,,
3DD.003D2849A3,Methow River,,,,
3DD.003D2849A4,Methow River,,,,
3DD.003D2849A5,Methow River,,,,
3DD.003D2849A6,Methow River,,,,
3DD.003D2849A7,Methow River,,,,
3DD.003D2849A8,Methow River,,,,
3DD.003D2849A9,Methow River,,,,
3DD.003D2849AA,Methow River,,,,
3DD.003D2849AB,Similkameen River,,,,
3DD.003D2849AC,Methow River,,,,
3DD.003D2849AD,Methow River,,,,
3DD.003D2849AE,Methow River,,,,
3DD.003D2849AF,Methow River,,,,
3DD.003D2849B0,Similkameen River,,,,
3DD.003D2849B1,Methow River,,,,
3DD.003D2849B2,Methow River,,,,
3DD.003D2849B3,Similkameen River,,,,
3DD.003D2849B4,Methow River,,,,
3DD.003D2849B5,Similkameen River,,,,
3DD.003D2849B6,Methow River,,,,
3DD.003D2849B7,Methow River,,,,
3DD.003D2849B8,Methow River,,,,
3DD.003D2849B9,Similkameen River,,,,
3DD.003D2849BA,Methow River,,,,
3DD.003D2849BB,Methow River,,,,
3DD.003D2849BC,Methow River,,,,
3DD.003D2849BD,Methow River,,,,
3DD.003D2849BE,Methow River,,,,
3DD.003D2849BF,Similkameen River,,,,
3DD.003D2849C0,Methow River,,,,
3DD.003D2849C1,Methow River,,,,
3DD.003D2849C2,Methow River,,,,
3DD.003D2849C3,Methow River,,,,
3DD.003D2849C4,Methow River,,,,
3DD.003D284A8D,Methow River,,,,
3DD.003D284A8E,Methow River,,,,
3DD.003D284A8F,Similkameen River,,,,
3DD.003D284A90,Similkameen River,,,,
3DD.003D284A91,Similkameen River,,,,
3DD.003D284A92,Similkameen River,,,,
3DD.003D284A93,Methow River,,,,
3DD.003D284A96,Similkameen River,,,,
3DD.003D284A99,Similkameen River,,,,
3DD.003D284A9A,Similkameen River,,,,
3DD.003D284A9B,Similkameen River,,,,
3DD.003D284A9D,Similkameen River,,,,
3DD.003D284AA1,Similkameen River,,,,
3DD.003D284AA2,Similkameen River,,,,
3DD.003D284AA3,Methow River,,,,
3DD.003D284AA4,Methow River,,,,
3DD.003D284AA9,Methow River,,,,
3DD.003D284AAC,Similkameen River,,,,
3DD.003D284AAD,Methow River,,,,
3DD.003D284AB0,Similkameen River,,,,
3DD.003D284AB5,Similkameen River,,,,
3DD.003D284AB6,Similkameen River,,,,
3DD.003D284AB9,Similkameen River,,,,
3DD.003D284ABC,Similkameen River,,,,
3DD.003D284ABE,Methow River,,,,
3DD.003D284AC0,Similkameen River,,,,
3DD.003D284AC1,Similkameen River,,,,
3DD.003D284AC2,Similkameen River,,,,
3DD.003D284AC3,Similkameen River,,,,
3DD.003D284AC5,Similkameen River,,,,
3DD.003D284AC6,Similkameen River,,,,
3DD.003D284AC7,Similkameen River,,,,
3DD.003D284AC8,Methow River,,,,
3DD.003D284AC9,Methow River,,,,
3DD.003D284ACA,Methow River,,,,
3DD.003D284ACB,Methow River,,,,
3DD.003D284ACE,Similkameen River,,,,
3DD.003D284AD0,Methow River,,,,
3DD.003D284AD3,Similkameen River,,,,
3DD.003D284AD8,Methow River,,,,
3DD.003D284AD9,Methow River,,,,
3DD.003D284ADC,Methow River,,,,
3DD.003D284ADD,Similkameen River,,,,
3DD.003D284AE0,Methow River,,,,
3DD.003D284AE1,Similkameen River,,,,
3DD.003D284AE2,Similkameen River,,,,
3DD.003D284AE5,Methow River,,,,
3DD.003D284AE6,Methow River,,,,
3DD.003D284AE8,Methow River,,,,
3DD.003D284AE9,Methow River,,,,
3DD.003D284AEA,Similkameen River,,,,
3DD.003D284AEE,Similkameen River,,,,
3DD.003D284AF1,Methow River,,,,
3DD.003D284AF2,Methow River,,,,
3DD.003D284AF4,Methow River,,,,
3DD.003D284AF5,Omak Creek,,,,
3DD.003D284AF7,Methow River,,,,
3DD.003D284AF8,Omak Creek,,,,
3DD.003D284AF9,Omak Creek,,,,
3DD.003D284AFA,Methow River,,,,
3DD.003D284AFC,Methow River,,,,
3DD.003D284AFF,Omak Creek,,,,
3DD.003D284B00,Methow River,,,,
3DD.003D284B01,Methow River,,,,
3DD.003D284B02,Methow River,,,,
3DD.003D284B03,Methow River,,,,
3DD.003D284B04,Omak Creek,,,,
3DD.003D284B05,Methow River,,,,
3DD.003D284B07,Omak Creek,,,,
3DD.003D284B09,Methow River,,,,
3DD.003D284B0A,Methow River,,,,
3DD.003D284B0B,Omak Creek,,,,
3DD.003D284B0C,Methow River,,,,
3DD.003D284B0D,Methow River,,,,
3DD.003D284B0E,Methow River,,,,
3DD.003D284B0F,Methow River,,,,
3DD.003D284B10,Omak Creek,,,,
3DD.003D284B11,Methow River,,,,
3DD.003D284B13,Omak Creek,,,,
3DD.003D284B15,Omak Creek,,,,
3DD.003D284B16,Methow River,,,,
3DD.003D284B17,Methow River,,,,
3DD.003D284B19,Methow River,,,,
3DD.003D284B1A,Methow River,,,,
3DD.003D284B1B,Omak Creek,,,,
3DD.003D284B1C,Methow River,,,,
3DD.003D284B1D,Methow River,,,,
3DD.003D284B1E,Methow River,,,,
3DD.003D284B1F,Methow River,,,,
3DD.003D284B20,Omak Creek,,,,
3DD.003D284B23,Methow River,,,,
3DD.003D284B24,Methow River,,,,
3DD.003D284B25,Methow River,,,,
3DD.003D284B27,Methow River,,,,
3DD.003D284B28,Methow River,,,,
3DD.003D284B29,Methow River,,,,
3DD.003D284B2A,Methow River,,,,
3DD.003D284B2B,Methow River,,,,
3DD.003D284B2C,Methow River,,,,
3DD.003D284B2D,Methow River,,,,
3DD.003D284B2E,Methow River,,,,
3DD.003D284B2F,Methow River,,,,
3DD.003D284B30,Methow River,,,,
3DD.003D284B31,Methow River,,,,
3DD.003D284B32,Omak Creek,,,,
3DD.003D284B33,Methow River,,,,
3DD.003D284B34,Omak Creek,,,,
3DD.003D284B36,Methow River,,,,
3DD.003D284B37,Methow River,,,,
3DD.003D284B38,Methow River,,,,
3DD.003D284B39,Methow River,,,,
3DD.003D284B3A,Methow River,,,,
3DD.003D284B3B,Methow River,,,,
3DD.003D284B3C,Methow River,,,,
3DD.003D284B3D,Methow River,,,,
3DD.003D284B3E,Methow River,,,,
3DD.003D284B3F,Methow River,,,,
3DD.003D284B40,Methow River,,,,
3DD.003D284B42,Methow River,,,,
3DD.003D284B43,Methow River,,,,
3DD.003D284B44,Methow River,,,,
3DD.003D284B45,Methow River,,,,
3DD.003D284B46,Omak Creek,,,,
3DD.003D284B47,Methow River,,,,
3DD.003D284B48,Methow River,,,,
3DD.003D284B49,Methow River,,,,
3DD.003D284B4A,Methow River,,,,
3DD.003D284B4B,Methow River,,,,
3DD.003D284B4C,Methow River,,,,
3DD.003D284B4D,Methow River,,,,
3DD.003D284B4E,Methow River,,,,
3DD.003D284B4F,Methow River,,,,
3DD.003D284B50,Methow River,,,,
3DD.003D284B51,Methow River,,,,
3DD.003D284B52,Methow River,,,,
3DD.003D284B53,Methow River,,,,
3DD.003D284B54,Methow River,,,,
3DD.003D284B55,Methow River,,,,
3DD.003D284B56,Methow River,,,,
3DD.003D284B57,Methow River,,,,
3DD.003D284B58,Methow River,,,,
3DD.003D284B59,Methow River,,,,
3DD.003D284B5A,Methow River,,,,
3DD.003D284B5B,Methow River,,,,
3DD.003D284B5C,Methow River,,,,
3DD.003D284B5D,Methow River,,,,
3DD.003D284B5E,Methow River,,,,
3DD.003D284B5F,Methow River,,,,
3DD.003D284B60,Methow River,,,,
3DD.003D284B61,Methow River,,,,
3DD.003D284B62,Methow River,,,,
3DD.003D284B63,Methow River,,,,
3DD.003D284B64,Methow River,,,,
3DD.003D284B65,Methow River,,,,
3DD.003D284B66,Methow River,,,,
3DD.003D284B67,Methow River,,,,
3DD.003D284B68,Methow River,,,,
3DD.003D284B69,Methow River,,,,
3DD.003D284B6A,Methow River,,,,
3DD.003D284B6B,Methow River,,,,
3DD.003D284B6C,Methow River,,,,
3DD.003D284B6D,Methow River,,,,
3DD.003D284B6E,Methow River,,,,
3DD.003D284B6F,Methow River,,,,
3DD.003D284B70,Methow River,,,,
3DD.003D284B71,Methow River,,,,
3DD.003D284B72,Methow River,,,,
3DD.003D284B73,Methow River,,,,
3DD.003D284B74,Methow River,,,,
3DD.003D284B75,Methow River,,,,
3DD.003D284B76,Salmon Creek,,,,
3DD.003D284B77,Methow River,,,,
3DD.003D284B78,Salmon Creek,,,,
3DD.003D284B79,Methow River,,,,
3DD.003D284B7A,Salmon Creek,,,,
3DD.003D284B7B,Methow River,,,,
3DD.003D284B7C,Methow River,,,,
3DD.003D284B7D,Methow River,,,,
3DD.003D284B7E,Methow River,,,,
3DD.003D284B7F,Salmon Creek,,,,
3DD.003D284B80,Methow River,,,,
3DD.003D284B81,Salmon Creek,,,,
3DD.003D284B82,Methow River,,,,
3DD.003D284B83,Methow River,,,,
3DD.003D284B84,Methow River,,,,
3DD.003D284B85,Salmon Creek,,,,
3DD.003D284B86,Methow River,,,,
3DD.003D284B87,Methow River,,,,
3DD.003D284B88,Salmon Creek,,,,
3DD.003D284B89,Methow River,,,,
3DD.003D284B8A,Methow River,,,,
3DD.003D284B8B,Methow River,,,,
3DD.003D284B8D,Methow River,,,,
3DD.003D284B8E,Methow River,,,,
3DD.003D284B8F,Methow River,,,,
3DD.003D284B90,Salmon Creek,,,,
3DD.003D284B91,Salmon Creek,,,,
3DD.003D284B92,Salmon Creek,,,,
3DD.003D284B93,Methow River,,,,
3DD.003D284B94,Methow River,,,,
3DD.003D284B95,Salmon Creek,,,,
3DD.003D284B96,Methow River,,,,
3DD.003D284B97,Methow River,,,,
3DD.003D284B98,Salmon Creek,,,,
3DD.003D284B99,Methow River,,,,
3DD.003D284B9A,Methow River,,,,
3DD.003D284B9B,Methow River,,,,
3DD.003D284B9D,Methow River,,,,
3DD.003D284B9E,Methow River,,,,
3DD.003D284B9F,Methow River,,,,
3DD.003D284BA0,Methow River,,,,
3DD.003D284BA1,Methow River,,,,
3DD.003D284BA2,Methow River,,,,
3DD.003D284BA3,Methow River,,,,
3DD.003D284BA4,Methow River,,,,
3DD.003D284BA5,Salmon Creek,,,,
3DD.003D284BA6,Methow River,,,,
3DD.003D284BA7,Methow River,,,,
3DD.003D284BA8,Methow River,,,,
3DD.003D284BA9,Methow River,,,,
3DD.003D284BAA,Methow River,,,,
3DD.003D284BAB,Methow River,,,,
3DD.003D284BAC,Methow River,,,,
3DD.003D284BAD,Methow River,,,,
3DD.003D284BAE,Methow River,,,,
3DD.003D284BAF,Methow River,,,,
3DD.003D284BB0,Salmon Creek,,,,
3DD.003D284BB1,Methow River,,,,
3DD.003D284BB2,Methow River,,,,
3DD.003D284BB3,Methow River,,,,
3DD.003D284BB4,Methow River,,,,
3DD.003D284BB5,Salmon Creek,,,,
3DD.003D284BB6,Methow River,,,,
3DD.003D284BB7,Methow River,,,,
3DD.003D284BB8,Salmon Creek,,,,
3DD.003D28A276,Brewster Boat Launch,,,,
3DD.003D28A277,Brewster Boat Launch,,,,
3DD.003D28A278,Brewster Boat Launch,,,,
3DD.003D28A27A,Brewster Boat Launch,,,,
3DD.003D28A27B,Brewster Boat Launch,,,,
3DD.003D28A280,Brewster Boat Launch,,,,
3DD.003D28A282,Brewster Boat Launch,,,,
3DD.003D28A283,Brewster Boat Launch,,,,
3DD.003D28A285,Brewster Boat Launch,,,,
3DD.003D28A286,Methow River,,,,
3DD.003D28A288,Brewster Boat Launch,,,,
3DD.003D28A289,Brewster Boat Launch,,,,
3DD.003D28A28A,Brewster Boat Launch,,,,
3DD.003D28A28C,Brewster Boat Launch,,,,
3DD.003D28A28D,Methow River,,,,
3DD.003D28A28F,Brewster Boat Launch,,,,
3DD.003D28A290,Brewster Boat Launch,,,,
3DD.003D28A291,Methow River,,,,
3DD.003D28A293,Brewster Boat Launch,,,,
3DD.003D28A299,Brewster Boat Launch,,,,
3DD.003D28A29B,Brewster Boat Launch,,,,
3DD.003D28A29C,Brewster Boat Launch,,,,
3DD.003D28A2A1,Brewster Boat Launch,,,,
3DD.003D28A2A3,Brewster Boat Launch,,,,
3DD.003D28A2A6,Brewster Boat Launch,,,,
3DD.003D28A2A7,Brewster Boat Launch,,,,
3DD.003D28A2A8,Methow River,,,,
3DD.003D28A2AC,Brewster Boat Launch,,,,
3DD.003D28A2AD,Brewster Boat Launch,,,,
3DD.003D28A2AE,Brewster Boat Launch,,,,
3DD.003D28A2AF,Brewster Boat Launch,,,,
3DD.003D28A2B0,Brewster Boat Launch,,,,
3DD.003D28A2B2,Brewster Boat Launch,,,,
3DD.003D28A2B5,Brewster Boat Launch,,,,
3DD.003D28A2B6,Brewster Boat Launch,,,,
3DD.003D28A2B7,Brewster Boat Launch,,,,
3DD.003D28A2B9,Methow River,,,,
3DD.003D28A2BA,Brewster Boat Launch,,,,
3DD.003D28A2BB,Brewster Boat Launch,,,,
3DD.003D28A2BD,Brewster Boat Launch,,,,
3DD.003D28A2BE,Brewster Boat Launch,,,,
3DD.003D28A2C3,Brewster Boat Launch,,,,
3DD.003D28A2C4,Brewster Boat Launch,,,,
3DD.003D28A2C5,Brewster Boat Launch,,,,
3DD.003D28A2C6,Brewster Boat Launch,,,,
3DD.003D28A2C7,Brewster Boat Launch,,,,
3DD.003D28A2C9,Brewster Boat Launch,,,,
3DD.003D28A2CB,Methow River,,,,
3DD.003D28A2CD,Methow River,,,,
3DD.003D28A2CE,Brewster Boat Launch,,,,
3DD.003D28A2D0,Brewster Boat Launch,,,,
3DD.003D28A2D1,Brewster Boat Launch,,,,
3DD.003D28A2D2,Brewster Boat Launch,,,,
3DD.003D28A2D4,Brewster Boat Launch,,,,
3DD.003D28A2D5,Brewster Boat Launch,,,,
3DD.003D28A2D8,Brewster Boat Launch,,,,
3DD.003D28A2D9,Brewster Boat Launch,,,,
3DD.003D3ABFB7,Methow River,,,,
3DD.003D3ABFB8,Methow River,,,,
3DD.003D3ABFB9,Methow River,,,,
3DD.003D3ABFBA,Methow River,,,,
3DD.003D3ABFBB,Methow River,,,,
3DD.003D3ABFBC,Methow River,,,,
3DD.003D3ABFBD,Methow River,,,,
3DD.003D3ABFBE,Methow River,,,,
3DD.003D3ABFBF,Methow River,,,,
3DD.003D3ABFC0,Methow River,,,,
3DD.003D3ABFC1,Methow River,,,,
3DD.003D3ABFC3,Methow River,,,,
3DD.003D3ABFC4,Methow River,,,,
3DD.003D3ABFC5,Methow River,,,,
3DD.003D3ABFC6,Methow River,,,,
3DD.003D3ABFC7,Methow River,,,,
3DD.003D3ABFC8,Methow River,,,,
3DD.003D3ABFC9,Methow River,,,,
3DD.003D3ABFCA,Methow River,,,,
3DD.003D3ABFCB,Methow River,,,,
3DD.003D3ABFCC,Methow River,,,,
3DD.003D3ABFCD,Methow River,,,,
3DD.003D3ABFCE,Methow River,,,,
3DD.003D3ABFCF,Methow River,,,,
3DD.003D3ABFD0,Methow River,,,,
3DD.003D3ABFD1,Methow River,,,,
3DD.003D3ABFD2,Methow River,,,,
3DD.003D3ABFD4,Methow River,,,,
3DD.003D3ABFD5,Methow River,,,,
3DD.003D3ABFD7,Methow River,,,,
3DD.003D3ABFD8,Methow River,,,,
3DD.003D3ABFDB,Methow River,,,,
3DD.003D3ABFDD,Methow River,,,,
3DD.003D3ABFDE,Methow River,,,,
3DD.003D3ABFDF,Methow River,,,,
3DD.003D3ABFE1,Methow River,,,,
3DD.003D3ABFE2,Methow River,,,,
3DD.003D3ABFE3,Methow River,,,,
3DD.003D3ABFE4,Methow River,,,,
3DD.003D3ABFE5,Methow River,,,,
3DD.003D3ABFE7,Methow River,,,,
3DD.003D3ABFE8,Methow River,,,,
3DD.003D3ABFE9,Methow River,,,,
3DD.003D3ABFEA,Methow River,,,,
3DD.003D3ABFEB,Methow River,,,,
3DD.003D3ABFEC,Methow River,,,,
3DD.003D3ABFED,Methow River,,,,
3DD.003D3ABFEF,Methow River,,,,
3DD.003D3ABFF1,Methow River,,,,
3DD.003D3ABFF2,Methow River,,,,
3DD.003D3ABFF3,Methow River,,,,
3DD.003D3ABFF4,Methow River,,,,
3DD.003D3ABFF5,Methow River,,,,
3DD.003D3ABFF6,Methow River,,,,
3DD.003D3ABFF7,Methow River,,,,
3DD.003D3ABFF8,Methow River,,,,
3DD.003D3ABFF9,Methow River,,,,
3DD.003D3ABFFA,Methow River,,,,
3DD.003D3ABFFB,Methow River,,,,
3DD.003D3ABFFE,Methow River,,,,
3DD.003D3ABFFF,Methow River,,,,
3DD.003D3AC000,Methow River,,,,
3DD.003D3AC001,Methow River,,,,
3DD.003D3AC002,Methow River,,,,
3DD.003D3AC003,Methow River,,,,
3DD.003D3AC004,Methow River,,,,
3DD.003D3AC005,Methow River,,,,
3DD.003D3AC006,Methow River,,,,
3DD.003D3AC007,Methow River,,,,
3DD.003D3AC008,Methow River,,,,
3DD.003D3AC009,Methow River,,,,
3DD.003D3AC00A,Methow River,,,,
3DD.003D3AC00B,Methow River,,,,
3DD.003D3AC00C,Methow River,,,,
3DD.003D3AC00D,Methow River,,,,
3DD.003D3AC00E,Methow River,,,,
3DD.003D3AC00F,Methow River,,,,
3DD.003D3AC010,Methow River,,,,
3DD.003D3AC011,Methow River,,,,
3DD.003D3AC012,Methow River,,,,
3DD.003D3AC014,Methow River,,,,
3DD.003D3AC015,Methow River,,,,
3DD.003D3AC016,Methow River,,,,
3DD.003D3AC017,Methow River,,,,
3DD.003D3AC018,Methow River,,,,
3DD.003D3AC019,Methow River,,,,
3DD.003D3AC01A,Methow River,,,,
3DD.003D3AC01B,Methow River,,,,
3DD.003D3AC01C,Brewster Boat Launch,,,,
3DD.003D3AC01D,Methow River,,,,
3DD.003D3AC01E,Methow River,,,,
3DD.003D3AC01F,Brewster Boat Launch,,,,
3DD.003D3AC020,Brewster Boat Launch,,,,
3DD.003D3AC021,Brewster Boat Launch,,,,
3DD.003D3AC022,Brewster Boat Launch,,,,
3DD.003D3AC023,Methow River,,,,
3DD.003D3AC024,Methow River,,,,
3DD.003D3AC025,Methow River,,,,
3DD.003D3AC026,Methow River,,,,
3DD.003D3AC027,Methow River,,,,
3DD.003D3AC028,Methow River,,,,
3DD.003D3AC029,Methow River,,,,
3DD.003D3AC02A,Methow River,,,,
3DD.003D3AC02B,Methow River,,,,
3DD.003D3AC02C,Methow River,,,,
3DD.003D3AC02D,Brewster Boat Launch,,,,
3DD.003D3AC02E,Brewster Boat Launch,,,,
3DD.003D3AC02F,Methow River,,,,
3DD.003D3AC030,Methow River,,,,
3DD.003D3AC031,Methow River,,,,
3DD.003D3AC032,Brewster Boat Launch,,,,
3DD.003D3AC033,Methow River,,,,
3DD.003D3AC034,Methow River,,,,
3DD.003D3AC035,Methow River,,,,
3DD.003D3AC036,Methow River,,,,
3DD.003D3AC037,Brewster Boat Launch,,,,
3DD.003D3AC038,Methow River,,,,
3DD.003D3AC039,Methow River,,,,
3DD.003D3AC03A,Methow River,,,,
3DD.003D3AC03B,Methow River,,,,
3DD.003D3AC03C,Methow River,,,,
3DD.003D3AC03D,Brewster Boat Launch,,,,
3DD.003D3AC03E,Methow River,,,,
3DD.003D3AC03F,Methow River,,,,
3DD.003D3AC040,Brewster Boat Launch,,,,
3DD.003D3AC041,Methow River,,,,
3DD.003D3AC042,Brewster Boat Launch,,,,
3DD.003D3AC043,Methow River,,,,
3DD.003D3AC044,Methow River,,,,
3DD.003D3AC045,Brewster Boat Launch,,,,
3DD.003D3AC046,Methow River,,,,
3DD.003D3AC047,Methow River,,,,
3DD.003D3AC048,Methow River,,,,
3DD.003D3AC049,Brewster Boat Launch,,,,
3DD.003D3AC04A,Methow River,,,,
3DD.003D3AC04B,Methow River,,,,
3DD.003D3AC04C,Brewster Boat Launch,,,,
3DD.003D3AC04D,Methow River,,,,
3DD.003D3AC04E,Methow River,,,,
3DD.003D3AC04F,Methow River,,,,
3DD.003D3AC050,Methow River,,,,
3DD.003D3AC051,Methow River,,,,
3DD.003D3AC052,Methow River,,,,
3DD.003D3AC053,Methow River,,,,
3DD.003D3AC054,Methow River,,,,
3DD.003D3AC055,Methow River,,,,
3DD.003D3AC056,Methow River,,,,
3DD.003D3AC057,Methow River,,,,
3DD.003D3AC058,Methow River,,,,
3DD.003D3AC059,Methow River,,,,
3DD.003D3AC05A,Methow River,,,,
3DD.003D3AC05B,Methow River,,,,
3DD.003D3AC05C,Methow River,,,,
3DD.003D3AC05D,Methow River,,,,
3DD.003D3AC05E,Methow River,,,,
3DD.003D3AC05F,Methow River,,,,
3DD.003D3AC060,Methow River,,,,
3DD.003D3AC061,Methow River,,,,
3DD.003D3AC062,Methow River,,,,
3DD.003D3AC063,Methow River,,,,
3DD.003D3AC064,Methow River,,,,
3DD.003D3AC065,Brewster Boat Launch,,,,
3DD.003D3AC066,Methow River,,,,
3DD.003D3AC067,Methow River,,,,
3DD.003D3AC068,Methow River,,,,
3DD.003D3AC069,Brewster Boat Launch,,,,
3DD.003D3AC06A,Methow River,,,,
3DD.003D3AC06B,Methow River,,,,
3DD.003D3AC06C,Methow River,,,,
3DD.003D3AC06D,Methow River,,,,
3DD.003D3AC06E,Methow River,,,,
3DD.003D3AC06F,Brewster Boat Launch,,,,
3DD.003D3AC070,Methow River,,,,
3DD.003D3AC071,Methow River,,,,
3DD.003D3AC072,Methow River,,,,
3DD.003D3AC073,Brewster Boat Launch,,,,
3DD.003D3AC074,Brewster Boat Launch,,,,
3DD.003D3AC075,Methow River,,,,
3DD.003D3AC076,Methow River,,,,
3DD.003D3AC077,Methow River,,,,
3DD.003D3AC078,Methow River,,,,
3DD.003D3AC079,Methow River,,,,
3DD.003D3AC07A,Methow River,,,,
3DD.003D3AC07B,Methow River,,,,
3DD.003D3AC07C,Methow River,,,,
3DD.003D3AC07D,Methow River,,,,
3DD.003D3AC07E,Methow River,,,,
3DD.003D3ABFDA,Starr Boat Launch,,,,
3DD.003D3ABFD6,Starr Boat Launch,,,,
3DD.003D3ABFDC,Starr Boat Launch,,,,
3DD.003D3ABFC2,Starr Boat Launch,,,,
3DD.003D3AC013,Starr Boat Launch,,,,
3DD.003D3ABFE6,Starr Boat Launch,,,,
3DD.003D3ABFD3,Starr Boat Launch,,,,
3DD.003D3ABFFD,Starr Boat Launch,,,,
3DD.003D3ABFFC,Starr Boat Launch,,,,
3DD.003D3ABFEE,Starr Boat Launch,,,,
3DD.003D3ABFE0,Starr Boat Launch,,,,
3DD.003D3ABFD9,Starr Boat Launch,,,,
3DD.003D3ABFF0,Starr Boat Launch,,,,
3DD.003D28A1A4,Starr Boat Launch,,,,
3DD.003D28A16E,Starr Boat Launch,,,,
3DD.003D28A18B,Starr Boat Launch,,,,
3DD.003D28A159,Starr Boat Launch,,,,
3DD.003D28A18A,Starr Boat Launch,,,,
3DD.003D28A16D,Starr Boat Launch,,,,
3DD.003D28A193,Starr Boat Launch,,,,
3DD.003D28A189,Starr Boat Launch,,,,
3DD.003D28A1AA,Starr Boat Launch,,,,
3DD.003D28A150,Starr Boat Launch,,,,
3DD.003D28A17F,Starr Boat Launch,,,,
3DD.003D28A185,Starr Boat Launch,,,,
3DD.003D28A14B,Starr Boat Launch,,,,
3DD.003D28A188,Starr Boat Launch,,,,
3DD.003D28A14A,Starr Boat Launch,,,,
3DD.003D28A15A,Starr Boat Launch,,,,
3DD.003D28A1AD,Starr Boat Launch,,,,
3DD.003D28A194,Starr Boat Launch,,,,
3DD.003D28A15C,Starr Boat Launch,,,,
3DD.003D28A183,Starr Boat Launch,,,,
3DD.003D28A187,Starr Boat Launch,,,,
3DD.003D28A17E,Starr Boat Launch,,,,
3DD.003D28A1AB,Starr Boat Launch,,,,
3DD.003D28A19A,Starr Boat Launch,,,,
3DD.003D28A1A5,Starr Boat Launch,,,,
3DD.003D28A19F,Starr Boat Launch,,,,
3DD.003D28A1A3,Starr Boat Launch,,,,
3DD.003D28A184,Starr Boat Launch,,,,
3DD.003D28A156,Starr Boat Launch,,,,
3DD.003D28A155,Starr Boat Launch,,,,
3DD.003D28A17B,Starr Boat Launch,,,,
3DD.003D28A161,Starr Boat Launch,,,,
3DD.003D28A157,Starr Boat Launch,,,,
3DD.003D28A16F,Starr Boat Launch,,,,
3DD.003D28A152,Starr Boat Launch,,,,
3DD.003D28A18E,Starr Boat Launch,,,,
3DD.003D28A171,Starr Boat Launch,,,,
3DD.003D28A1A8,Starr Boat Launch,,,,
3DD.003D28A1A6,Starr Boat Launch,,,,
3DD.003D28A15D,Starr Boat Launch,,,,
3DD.003D28A18F,Starr Boat Launch,,,,
3DD.003D28A162,Starr Boat Launch,,,,
3DD.003D28A154,Starr Boat Launch,,,,
3DD.003D28A178,Starr Boat Launch,,,,
3DD.003D28A14D,Starr Boat Launch,,,,
3DD.003D28A192,Starr Boat Launch,,,,
3DD.003D28A179,Starr Boat Launch,,,,
3DD.003D28A182,Starr Boat Launch,,,,
3DD.003D28A158,Starr Boat Launch,,,,
3DD.003D28A172,Starr Boat Launch,,,,
3DD.003D28A18D,Starr Boat Launch,,,,
3DD.003D28A17A,Starr Boat Launch,,,,
3DD.003D28A167,Starr Boat Launch,,,,
3DD.003D28A19E,Starr Boat Launch,,,,
3DD.003D28A151,Starr Boat Launch,,,,
3DD.003D28A191,Starr Boat Launch,,,,
3DD.003D28A1A0,Starr Boat Launch,,,,
3DD.003D28A19B,Starr Boat Launch,,,,
3DD.003D28A195,Starr Boat Launch,,,,
3DD.003D28A166,Starr Boat Launch,,,,
3DD.003D28A173,Starr Boat Launch,,,,
3DD.003D28A181,Starr Boat Launch,,,,
3DD.003D28A1A9,Starr Boat Launch,,,,
3DD.003D28A170,Starr Boat Launch,,,,
3DD.003D28A196,Starr Boat Launch,,,,
3DD.003D28A174,Starr Boat Launch,,,,
3DD.003D28A17D,Starr Boat Launch,,,,
3DD.003D28A1A1,Starr Boat Launch,,,,
3DD.003D28A1AC,Starr Boat Launch,,,,
3DD.003D28A164,Starr Boat Launch,,,,
3DD.003D28A15B,Starr Boat Launch,,,,
3DD.003D28A17C,Starr Boat Launch,,,,
3DD.003D28A197,Starr Boat Launch,,,,
3DD.003D28A15F,Starr Boat Launch,,,,
3DD.003D28A153,Starr Boat Launch,,,,
3DD.003D28A16B,Starr Boat Launch,,,,
3DD.003D28A199,Starr Boat Launch,,,,
3DD.003D28A169,Starr Boat Launch,,,,
3DD.003D28A16A,Starr Boat Launch,,,,
3DD.003D28A168,Starr Boat Launch,,,,
3DD.003D28A175,Starr Boat Launch,,,,
3DD.003D28A19D,Starr Boat Launch,,,,
3DD.003D28A198,Starr Boat Launch,,,,
3DD.003D28A14E,Starr Boat Launch,,,,
3DD.003D28A176,Starr Boat Launch,,,,
3DD.003D28A1A2,Starr Boat Launch,,,,
3DD.003D28A1A7,Starr Boat Launch,,,,
3DD.003D28A18C,Starr Boat Launch,,,,
3DD.003D28A14F,Starr Boat Launch,,,,
3DD.003D28A163,Salmon Creek,,,,
3DD.003D28A15E,Salmon Creek,,,,
3DD.003D3ABF2D,Salmon Creek,,,,
3DD.003D3ABF2C,Salmon Creek,,,,
3DD.003D3ABF23,Salmon Creek,,,,
3DD.003D3ABF16,Salmon Creek,,,,
3DD.003D3ABF1D,Salmon Creek,,,,
3DD.003D3ABF44,Salmon Creek,,,,
3DD.003D28A160,Salmon Creek,,,,
3DD.003D28A19C,Salmon Creek,,,,
3DD.003D28A165,Salmon Creek,,,,
3DD.003D28A14C,Salmon Creek,,,,
3DD.003D28A190,Salmon Creek,,,,
3DD.003D3ABEF7,Salmon Creek,,,,
3DD.003D28A177,Salmon Creek,,,,
3DD.003D3ABF3D,Salmon Creek,,,,
3DD.003D3ABF4E,Salmon Creek,,,,
3DD.003D28A186,Salmon Creek,,,,
3DD.003D3ABF29,Salmon Creek,,,,
3DD.003D3ABF4F,Salmon Creek,,,,
3DD.003D3ABF06,Salmon Creek,,,,
3DD.003D3ABF0D,Salmon Creek,,,,
3DD.003D3ABF3A,Omak Creek,,,,
3DD.003D3ABEF8,Omak Creek,,,,
3DD.003D3ABF34,Omak Creek,,,,
3DD.003D3ABF2B,Omak Creek,,,,
3DD.003D3ABEF0,Omak Creek,,,,
3DD.003D3ABF39,Omak Creek,,,,
3DD.003D3ABEFE,Omak Creek,,,,
3DD.003D3ABF25,Omak Creek,,,,
3DD.003D3ABF2F,Omak Creek,,,,
3DD.003D3ABF12,Omak Creek,,,,
3DD.003D3ABF32,Omak Creek,,,,
3DD.003D3ABF2A,Omak Creek,,,,
3DD.003D3ABF36,Omak Creek,,,,
3DD.003D3ABF45,Omak Creek,,,,
3DD.003D3ABF2E,Omak Creek,,,,
3DD.003D3ABF51,Omak Creek,,,,
3DD.003D3ABF21,Omak Creek,,,,
3DD.003D3ABF03,Omak Creek,,,,
3DD.003D3ABF13,Omak Creek,,,,
3DD.003D3ABF1E,Omak Creek,,,,
3DD.003D3ABEFC,Omak Creek,,,,
3DD.003D3ABEFB,Omak Creek,,,,
3DD.003D3ABF3C,Omak Creek,,,,
3DD.003D3ABF26,Omak Creek,,,,
3DD.003D3ABF14,Omak Creek,,,,
3DD.003D3ABF20,Omak Creek,,,,
