tag_code,life_stage,release_site_label,release_year,release_date,detection_site_label,detection_site_code,det_lat,det_lon,first_detection,last_detection,count
3D9.1A4FA10411,Larvae,METTRP - Methow Smolt Trap at McFarland Creek Road Bridge,2021,4/30/2021,LMR - Lower Methow River at Pateros,LMR,48.074923,-119.956143,2021-12-03 23:16:04,2021-12-03 23:16:04,1
3D9.1A4FA104DA,Larvae,METTRP - Methow Smolt Trap at McFarland Creek Road Bridge,2021,5/4/2021,LMR - Lower Methow River at Pateros,LMR,48.074923,-119.956143,2022-03-29 23:10:55,2022-03-29 23:10:55,1
3D9.1A4FA10518,Larvae,METTRP - Methow Smolt Trap at McFarland Creek Road Bridge,2021,5/6/2021,LMR - Lower Methow River at Pateros,LMR,48.074923,-119.956143,2022-03-19 20:15:07,2022-03-19 20:15:07,1
3D9.1A4FA12EDF,Larvae,METHR - Methow River,2023,4/6/2023,LMR - Lower Methow River at Pateros,LMR,48.074923,-119.956143,2024-02-06 19:25:46,2024-02-06 19:25:46,1
3D9.1A4FAAAAA0,Larvae,METHR - Methow River,2023,6/7/2023,LMR - Lower Methow River at Pateros,LMR,48.074923,-119.956143,2024-05-11 23:40:49,2024-05-11 23:40:49,1
3D9.1A4FD26EA6,Larvae,METHR - Methow River,2024,5/10/2024,LMR - Lower Methow River at Pateros,LMR,48.074923,-119.956143,2025-05-02 22:03:35,2025-05-02 22:37:27,1
3D9.1A4FD26F1E,Larvae,METHR - Methow River,2024,5/16/2024,LMR - Lower Methow River at Pateros,LMR,48.074923,-119.956143,2025-05-26 22:32:28,2025-05-26 22:32:28,1
3D9.1A4FD26F26,Larvae,METHR - Methow River,2024,5/28/2024,LMR - Lower Methow River at Pateros,LMR,48.074923,-119.956143,2025-04-21 23:05:59,2025-04-21 23:05:59,1
3D9.1A4FD26F2A,Larvae,METHR - Methow River,2024,5/16/2024,LMR - Lower Methow River at Pateros,LMR,48.074923,-119.956143,2025-12-11 10:03:44,2025-12-11 10:03:44,1
3D9.1A4FD26F78,Larvae,METHR - Methow River,2024,6/18/2024,LMR - Lower Methow River at Pateros,LMR,48.074923,-119.956143,2025-04-20 19:54:07,2025-04-20 19:54:07,1
3D9.1A4FD2A0F1,Larvae,TWITRP - Twisp River rotary smolt trap,2025,12/20/2025,TWR - Lwr Twisp Rvr near MSRF Ponds,TWR,48.367135,-120.13833,2025-12-20 23:12:20,2025-12-20 23:12:20,1
3D9.1A4FD2A0F3,Larvae,TWITRP - Twisp River rotary smolt trap,2025,12/23/2025,TWR - Lwr Twisp Rvr near MSRF Ponds,TWR,48.367135,-120.13833,2025-12-24 06:55:34,2025-12-24 06:55:34,1
3D9.1A4FD2A0FE,Larvae,TWITRP - Twisp River rotary smolt trap,2026,1/3/2026,TWR - Lwr Twisp Rvr near MSRF Ponds,TWR,48.367135,-120.13833,2026-01-06 02:22:43,2026-01-06 02:22:43,1
3D9.1A4FD2A100,Larvae,TWITRP - Twisp River rotary smolt trap,2025,11/17/2025,TWR - Lwr Twisp Rvr near MSRF Ponds,TWR,48.367135,-120.13833,2025-11-17 11:05:57,2025-11-17 11:05:57,1
3D9.1A4FD2A106,Larvae,TWITRP - Twisp River rotary smolt trap,2025,11/17/2025,TWR - Lwr Twisp Rvr near MSRF Ponds,TWR,48.367135,-120.13833,2025-11-17 11:06:14,2025-11-17 11:06:14,1
3D9.1A4FD2A10C,Larvae,TWITRP - Twisp River rotary smolt trap,2025,11/15/2025,TWR - Lwr Twisp Rvr near MSRF Ponds,TWR,48.367135,-120.13833,2025-11-16 00:31:41,2025-11-16 00:31:41,1
3D9.1A4FD2A112,Larvae,TWITRP - Twisp River rotary smolt trap,2025,11/19/2025,TWR - Lwr Twisp Rvr near MSRF Ponds,TWR,48.367135,-120.13833,2025-12-01 05:05:28,2025-12-01 05:05:28,1
3D9.1A4FD2A113,Larvae,TWITRP - Twisp River rotary smolt trap,2025,12/15/2025,TWR - Lwr Twisp Rvr near MSRF Ponds,TWR,48.367135,-120.13833,2025-12-15 16:57:19,2025-12-15 16:57:19,1
3D9.1A4FD2A11A,Larvae,TWITRP - Twisp River rotary smolt trap,2025,11/16/2025,TWR - Lwr Twisp Rvr near MSRF Ponds,TWR,48.367135,-120.13833,2025-11-16 20:07:52,2025-11-16 20:07:52,1
3D9.1A4FD2A123,Larvae,TWITRP - Twisp River rotary smolt trap,2025,12/1/2025,TWR - Lwr Twisp Rvr near MSRF Ponds,TWR,48.367135,-120.13833,2025-12-11 02:59:41,2025-12-11 02:59:51,1
3D9.1A4FD2A127,Larvae,TWITRP - Twisp River rotary smolt trap,2025,11/17/2025,TWR - Lwr Twisp Rvr near MSRF Ponds,TWR,48.367135,-120.13833,2025-12-08 23:21:57,2025-12-08 23:21:57,1
3D9.1A4FD2A128,Larvae,TWITRP - Twisp River rotary smolt trap,2025,11/15/2025,TWR - Lwr Twisp Rvr near MSRF Ponds,TWR,48.367135,-120.13833,2025-11-15 20:56:01,2025-11-15 20:56:01,1
3D9.1A4FD2A12F,Larvae,TWITRP - Twisp River rotary smolt trap,2025,11/16/2025,TWR - Lwr Twisp Rvr near MSRF Ponds,TWR,48.367135,-120.13833,2025-11-30 00:16:10,2025-11-30 00:16:10,1
3D9.1A4FD2A132,Larvae,TWITRP - Twisp River rotary smolt trap,2025,11/17/2025,TWR - Lwr Twisp Rvr near MSRF Ponds,TWR,48.367135,-120.13833,2025-12-11 04:22:07,2025-12-11 04:22:07,1
3D9.1A4FD2A134,Larvae,TWITRP - Twisp River rotary smolt trap,2025,11/21/2025,TWR - Lwr Twisp Rvr near MSRF Ponds,TWR,48.367135,-120.13833,2025-11-21 19:48:26,2025-11-21 19:48:31,1
3D9.1A4FD2A138,Larvae,TWITRP - Twisp River rotary smolt trap,2025,12/15/2025,TWR - Lwr Twisp Rvr near MSRF Ponds,TWR,48.367135,-120.13833,2025-12-16 01:43:13,2025-12-16 01:43:13,1
3D9.1A4FD2A144,Larvae,TWITRP - Twisp River rotary smolt trap,2025,11/19/2025,TWR - Lwr Twisp Rvr near MSRF Ponds,TWR,48.367135,-120.13833,2025-12-11 00:31:50,2025-12-11 00:31:52,1
3D9.1A4FD2A148,Larvae,TWITRP - Twisp River rotary smolt trap,2025,11/17/2025,TWR - Lwr Twisp Rvr near MSRF Ponds,TWR,48.367135,-120.13833,2025-11-18 03:11:22,2025-11-18 03:11:22,1
3D9.1A4FD2A14A,Larvae,TWITRP - Twisp River rotary smolt trap,2025,12/22/2025,TWR - Lwr Twisp Rvr near MSRF Ponds,TWR,48.367135,-120.13833,2025-12-22 14:07:06,2025-12-22 14:07:12,1
3D9.1A4FD2A150,Larvae,TWITRP - Twisp River rotary smolt trap,2025,11/15/2025,TWR - Lwr Twisp Rvr near MSRF Ponds,TWR,48.367135,-120.13833,2025-11-15 14:19:35,2025-11-15 14:19:35,1
3D9.1A4FD2A151,Larvae,TWITRP - Twisp River rotary smolt trap,2025,11/19/2025,TWR - Lwr Twisp Rvr near MSRF Ponds,TWR,48.367135,-120.13833,2025-11-23 23:05:27,2025-11-23 23:05:27,1
3DD.003D670F1E,Macropthalmia (eyed juvenile),METHR - Methow River,2023,5/1/2023,LMR - Lower Methow River at Pateros,LMR,48.074923,-119.956143,2023-05-01 23:56:17,2023-05-01 23:56:17,1
3DD.003D670F7C,Larvae,METTRP - Methow Smolt Trap at McFarland Creek Road Bridge,2023,5/15/2023,LMR - Lower Methow River at Pateros,LMR,48.074923,-119.956143,2024-05-12 22:48:24,2024-05-12 22:48:24,1
3DD.003D9374D8,Larvae,METTRP - Methow Smolt Trap at McFarland Creek Road Bridge,2021,5/4/2021,LMR - Lower Methow River at Pateros,LMR,48.074923,-119.956143,2021-05-13 20:20:14,2021-05-13 20:20:14,1
3DD.003D9374DC,Larvae,METHR - Methow River,2021,5/3/2021,LMR - Lower Methow River at Pateros,LMR,48.074923,-119.956143,2021-05-10 07:40:14,2021-05-10 07:40:14,1
3DD.003D9374DE,Larvae,METTRP - Methow Smolt Trap at McFarland Creek Road Bridge,2021,5/6/2021,LMR - Lower Methow River at Pateros,LMR,48.074923,-119.956143,2021-05-21 05:40:58,2021-05-21 05:40:58,1
3DD.003D9374F1,Larvae,METHR - Methow River,2021,5/10/2021,LMR - Lower Methow River at Pateros,LMR,48.074923,-119.956143,2021-05-13 20:26:19,2021-05-13 20:26:19,1
3DD.003D937518,Larvae,METHR - Methow River,2021,5/3/2021,LMR - Lower Methow River at Pateros,LMR,48.074923,-119.956143,2022-06-02 22:42:38,2022-06-02 22:42:38,1
3DD.003D9378C2,Larvae,TWISPR - Twisp River,2022,5/6/2022,TWR - Lwr Twisp Rvr near MSRF Ponds,TWR,48.367135,-120.13833,2022-05-16 20:34:16,2022-05-16 20:34:16,1
3DD.003D9378C8,Larvae,METTRP - Methow Smolt Trap at McFarland Creek Road Bridge,2021,5/17/2021,LMR - Lower Methow River at Pateros,LMR,48.074923,-119.956143,2021-05-26 07:47:36,2021-05-26 07:47:36,1
3DD.003D9378D5,Larvae,METTRP - Methow Smolt Trap at McFarland Creek Road Bridge,2021,6/3/2021,LMR - Lower Methow River at Pateros,LMR,48.074923,-119.956143,2021-11-19 06:05:31,2021-11-19 06:05:31,1
3DD.003D9378DE,Larvae,TWISPR - Twisp River,2022,5/4/2022,TWR - Lwr Twisp Rvr near MSRF Ponds,TWR,48.367135,-120.13833,2022-05-04 19:17:31,2022-05-04 19:17:31,1
3DD.003D9378E1,Larvae,TWISPR - Twisp River,2022,5/6/2022,TWR - Lwr Twisp Rvr near MSRF Ponds,TWR,48.367135,-120.13833,2022-05-25 23:33:45,2022-05-25 23:33:45,1
3DD.003D9378E4,Larvae,TWISPR - Twisp River,2022,5/4/2022,TWR - Lwr Twisp Rvr near MSRF Ponds,TWR,48.367135,-120.13833,2022-05-05 10:34:44,2022-05-05 10:34:46,1
3DD.003D9378E9,Larvae,TWISPR - Twisp River,2022,4/2/2022,TWR - Lwr Twisp Rvr near MSRF Ponds,TWR,48.367135,-120.13833,2022-04-02 16:31:37,2022-04-02 16:31:37,1
3DD.003D9378EE,Larvae,TWISPR - Twisp River,2022,4/27/2022,TWR - Lwr Twisp Rvr near MSRF Ponds,TWR,48.367135,-120.13833,2022-04-27 17:14:28,2022-04-27 17:14:34,1
3DD.003D9378F4,Larvae,TWISPR - Twisp River,2022,5/4/2022,TWR - Lwr Twisp Rvr near MSRF Ponds,TWR,48.367135,-120.13833,2022-05-04 19:17:47,2022-05-04 19:17:56,1
3DD.003D9378F9,Larvae,TWISPR - Twisp River,2022,4/25/2022,TWR - Lwr Twisp Rvr near MSRF Ponds,TWR,48.367135,-120.13833,2022-04-27 01:36:30,2022-04-27 01:36:35,1
3DD.003D937900,Larvae,TWISPR - Twisp River,2022,5/4/2022,TWR - Lwr Twisp Rvr near MSRF Ponds,TWR,48.367135,-120.13833,2022-05-05 04:24:22,2022-05-05 04:24:22,1
3DD.003D937903,Larvae,METTRP - Methow Smolt Trap at McFarland Creek Road Bridge,2021,6/3/2021,LMR - Lower Methow River at Pateros,LMR,48.074923,-119.956143,2021-06-08 18:30:27,2021-06-08 18:30:27,1
3DD.003D937904,Larvae,TWISPR - Twisp River,2022,5/22/2022,TWR - Lwr Twisp Rvr near MSRF Ponds,TWR,48.367135,-120.13833,2022-05-22 23:40:08,2022-05-22 23:40:08,1
3DD.003D93790B,Larvae,TWISPR - Twisp River,2022,5/2/2022,TWR - Lwr Twisp Rvr near MSRF Ponds,TWR,48.367135,-120.13833,2022-05-02 19:55:00,2022-05-02 19:55:06,1
3DD.003D93790F,Larvae,TWISPR - Twisp River,2022,5/3/2022,TWR - Lwr Twisp Rvr near MSRF Ponds,TWR,48.367135,-120.13833,2022-05-03 19:19:07,2022-05-03 19:19:13,1
3DD.003D937913,Larvae,TWISPR - Twisp River,2022,5/5/2022,TWR - Lwr Twisp Rvr near MSRF Ponds,TWR,48.367135,-120.13833,2022-05-05 19:22:53,2022-05-05 19:22:57,1
3DD.003D937916,Larvae,METTRP - Methow Smolt Trap at McFarland Creek Road Bridge,2021,6/3/2021,LMR - Lower Methow River at Pateros,LMR,48.074923,-119.956143,2021-06-10 08:14:30,2021-06-10 08:14:30,1
3DD.003D93791A,Larvae,TWISPR - Twisp River,2022,3/29/2022,TWR - Lwr Twisp Rvr near MSRF Ponds,TWR,48.367135,-120.13833,2022-03-29 17:23:52,2022-03-29 17:23:52,1
3DD.003D93791D,Larvae,TWISPR - Twisp River,2022,3/29/2022,TWR - Lwr Twisp Rvr near MSRF Ponds,TWR,48.367135,-120.13833,2022-03-29 15:23:27,2022-03-29 15:23:31,1
3DD.003D937AB7,Macropthalmia (eyed juvenile),METTRP - Methow Smolt Trap at McFarland Creek Road Bridge,2022,5/6/2022,LMR - Lower Methow River at Pateros,LMR,48.074923,-119.956143,2022-05-23 20:42:01,2022-05-23 20:42:01,1
3DD.003D937ABD,Macropthalmia (eyed juvenile),METTRP - Methow Smolt Trap at McFarland Creek Road Bridge,2022,5/6/2022,LMR - Lower Methow River at Pateros,LMR,48.074923,-119.956143,2022-05-15 19:51:00,2022-05-15 19:51:00,1
3DD.003D937ABE,Larvae,METTRP - Methow Smolt Trap at McFarland Creek Road Bridge,2022,6/3/2022,LMR - Lower Methow River at Pateros,LMR,48.074923,-119.956143,2022-06-08 18:17:56,2022-06-08 18:17:56,1
3DD.003D937AC1,Macropthalmia (eyed juvenile),METTRP - Methow Smolt Trap at McFarland Creek Road Bridge,2022,5/6/2022,LMR - Lower Methow River at Pateros,LMR,48.074923,-119.956143,2022-05-06 21:10:37,2022-05-06 21:10:37,1
3DD.003D937AC2,Macropthalmia (eyed juvenile),METTRP - Methow Smolt Trap at McFarland Creek Road Bridge,2022,5/6/2022,LMR - Lower Methow River at Pateros,LMR,48.074923,-119.956143,2022-05-06 21:46:32,2022-05-06 21:46:35,1
3DD.003D937AD7,Larvae,METTRP - Methow Smolt Trap at McFarland Creek Road Bridge,2022,5/2/2022,LMR - Lower Methow River at Pateros,LMR,48.074923,-119.956143,2022-06-02 23:19:06,2022-06-02 23:19:06,1
3DD.003D937B2B,Macropthalmia (eyed juvenile),METHR - Methow River,2024,4/16/2024,LMR - Lower Methow River at Pateros,LMR,48.074923,-119.956143,2024-05-11 20:36:51,2024-05-11 20:36:51,1
3DD.003E215D44,Larvae,TWITRP - Twisp River rotary smolt trap,2025,11/14/2025,TWR - Lwr Twisp Rvr near MSRF Ponds,TWR,48.367135,-120.13833,2025-12-09 17:23:05,2025-12-09 17:23:05,1
3DD.003E2161A8,Larvae,METHR - Methow River,2024,5/19/2024,LMR - Lower Methow River at Pateros,LMR,48.074923,-119.956143,2024-05-29 00:07:56,2024-05-29 00:07:56,1
3DD.003E2161DF,Larvae,METHR - Methow River,2024,6/10/2024,LMR - Lower Methow River at Pateros,LMR,48.074923,-119.956143,2025-03-30 01:37:31,2025-03-30 01:37:31,1
3DD.003E2161EA,Larvae,METTRP - Methow Smolt Trap at McFarland Creek Road Bridge,2024,5/25/2024,LMR - Lower Methow River at Pateros,LMR,48.074923,-119.956143,2025-03-29 00:02:05,2025-03-29 00:02:05,1
3DD.003E2161FD,Macropthalmia (eyed juvenile),METHR - Methow River,2024,5/13/2024,LMR - Lower Methow River at Pateros,LMR,48.074923,-119.956143,2024-05-17 12:07:35,2024-05-17 12:07:35,1
3DD.003E2161FE,Larvae,METHR - Methow River,2024,5/16/2024,LMR - Lower Methow River at Pateros,LMR,48.074923,-119.956143,2025-04-19 22:44:14,2025-04-19 22:44:14,1
3DD.003E216232,Larvae,METHR - Methow River,2024,5/1/2024,LMR - Lower Methow River at Pateros,LMR,48.074923,-119.956143,2024-05-13 00:10:50,2024-05-13 00:10:50,1
3DD.003E21623E,Larvae,METHR - Methow River,2024,5/19/2024,LMR - Lower Methow River at Pateros,LMR,48.074923,-119.956143,2024-05-27 03:08:28,2024-05-27 03:08:33,1
3DD.003E21625A,Larvae,TWISPR - Twisp River,2022,7/11/2022,LMR - Lower Methow River at Pateros,LMR,48.074923,-119.956143,2023-04-29 00:13:52,2023-04-29 00:13:52,1
3DD.003E21625A,Larvae,TWISPR - Twisp River,2022,7/11/2022,TWR - Lwr Twisp Rvr near MSRF Ponds,TWR,48.367135,-120.13833,2022-07-11 10:54:35,2022-07-11 10:54:39,1
3DD.003E21625B,Larvae,TWISPR - Twisp River,2022,7/21/2022,MRC - Methow River at Carlton,MRC,48.246996,-120.118464,2023-04-27 21:30:36,2023-04-27 21:30:36,1
3DD.003E21625B,Larvae,TWISPR - Twisp River,2022,7/21/2022,TWR - Lwr Twisp Rvr near MSRF Ponds,TWR,48.367135,-120.13833,2022-07-21 10:40:46,2022-07-21 10:40:55,1
3DD.003E21625C,Larvae,TWISPR - Twisp River,2022,5/28/2022,TWR - Lwr Twisp Rvr near MSRF Ponds,TWR,48.367135,-120.13833,2022-05-30 21:55:33,2022-05-30 21:55:35,1
3DD.003E216261,Larvae,TWISPR - Twisp River,2022,7/4/2022,TWR - Lwr Twisp Rvr near MSRF Ponds,TWR,48.367135,-120.13833,2022-07-04 18:35:46,2022-07-04 18:35:46,1
3DD.003E216265,Larvae,TWITRP - Twisp River rotary smolt trap,2023,7/19/2023,MRC - Methow River at Carlton,MRC,48.246996,-120.118464,2024-05-11 23:13:36,2024-05-11 23:13:36,1
3DD.003E21626B,Larvae,TWITRP - Twisp River rotary smolt trap,2023,4/18/2023,TWR - Lwr Twisp Rvr near MSRF Ponds,TWR,48.367135,-120.13833,2023-04-18 22:41:05,2023-04-18 22:41:05,1
3DD.003E21626C,Larvae,TWISPR - Twisp River,2022,5/28/2022,TWR - Lwr Twisp Rvr near MSRF Ponds,TWR,48.367135,-120.13833,2022-06-02 23:28:54,2022-06-02 23:28:57,1
3DD.003E21626D,Larvae,TWISPR - Twisp River,2022,10/27/2022,TWR - Lwr Twisp Rvr near MSRF Ponds,TWR,48.367135,-120.13833,2022-11-28 03:56:49,2022-11-28 07:01:20,1
3DD.003E216270,Larvae,TWITRP - Twisp River rotary smolt trap,2023,5/1/2023,TWR - Lwr Twisp Rvr near MSRF Ponds,TWR,48.367135,-120.13833,2023-05-04 05:28:02,2023-05-04 05:28:03,1
3DD.003E216278,Larvae,TWISPR - Twisp River,2023,5/31/2023,TWR - Lwr Twisp Rvr near MSRF Ponds,TWR,48.367135,-120.13833,2024-03-23 20:30:09,2024-03-23 20:30:09,1
3DD.003E216279,Larvae,TWITRP - Twisp River rotary smolt trap,2025,11/8/2025,TWR - Lwr Twisp Rvr near MSRF Ponds,TWR,48.367135,-120.13833,2025-11-09 17:41:14,2025-11-09 17:41:20,1
3DD.003E21627E,Larvae,TWISPR - Twisp River,2022,8/5/2022,TWR - Lwr Twisp Rvr near MSRF Ponds,TWR,48.367135,-120.13833,2022-08-08 03:08:44,2022-08-08 03:09:05,1
3DD.003E21627F,Larvae,TWITRP - Twisp River rotary smolt trap,2023,4/28/2023,TWR - Lwr Twisp Rvr near MSRF Ponds,TWR,48.367135,-120.13833,2023-04-28 19:06:21,2023-04-28 19:06:21,1
3DD.003E216280,Larvae,METTRP - Methow Smolt Trap at McFarland Creek Road Bridge,2025,4/23/2025,LMR - Lower Methow River at Pateros,LMR,48.074923,-119.956143,2025-04-30 03:46:24,2025-04-30 03:46:24,1
3DD.003E216285,Larvae,TWISPR - Twisp River,2022,8/24/2022,TWR - Lwr Twisp Rvr near MSRF Ponds,TWR,48.367135,-120.13833,2022-08-25 06:03:15,2022-08-25 06:03:23,1
3DD.003E216287,Larvae,TWITRP - Twisp River rotary smolt trap,2023,4/12/2023,TWR - Lwr Twisp Rvr near MSRF Ponds,TWR,48.367135,-120.13833,2023-04-12 19:06:34,2023-04-12 19:06:45,1
3DD.003E216293,Larvae,TWISPR - Twisp River,2022,7/29/2022,TWR - Lwr Twisp Rvr near MSRF Ponds,TWR,48.367135,-120.13833,2022-07-29 15:07:39,2022-07-29 15:07:47,1
3DD.003E216294,Larvae,TWITRP - Twisp River rotary smolt trap,2025,11/14/2025,TWR - Lwr Twisp Rvr near MSRF Ponds,TWR,48.367135,-120.13833,2025-12-11 07:23:11,2025-12-11 07:23:11,1
3DD.003E216297,Larvae,TWITRP - Twisp River rotary smolt trap,2025,11/14/2025,TWR - Lwr Twisp Rvr near MSRF Ponds,TWR,48.367135,-120.13833,2025-11-17 17:12:21,2025-11-17 17:12:21,1
3DD.003E21629C,Larvae,TWITRP - Twisp River rotary smolt trap,2023,4/9/2023,TWR - Lwr Twisp Rvr near MSRF Ponds,TWR,48.367135,-120.13833,2023-04-26 03:17:22,2023-04-26 03:17:25,1
3DD.003E21629E,Larvae,TWITRP - Twisp River rotary smolt trap,2025,11/3/2025,TWR - Lwr Twisp Rvr near MSRF Ponds,TWR,48.367135,-120.13833,2025-11-14 15:13:12,2025-11-14 15:13:17,1
3DD.003E2162A1,Larvae,TWITRP - Twisp River rotary smolt trap,2023,4/26/2023,MRC - Methow River at Carlton,MRC,48.246996,-120.118464,2023-04-30 01:05:33,2023-04-30 01:05:33,1
3DD.003E2162A4,Larvae,TWISPR - Twisp River,2025,3/28/2025,MRC - Methow River at Carlton,MRC,48.246996,-120.118464,2025-05-29 01:43:41,2025-05-29 01:43:41,1
3DD.003E2162A7,Larvae,TWITRP - Twisp River rotary smolt trap,2023,4/26/2023,TWR - Lwr Twisp Rvr near MSRF Ponds,TWR,48.367135,-120.13833,2023-04-26 20:16:14,2023-04-26 20:16:14,1
3DD.003E2162AB,Larvae,TWISPR - Twisp River,2022,7/6/2022,TWR - Lwr Twisp Rvr near MSRF Ponds,TWR,48.367135,-120.13833,2022-07-06 11:20:44,2022-07-06 11:20:48,1
3DD.003E2162B9,Larvae,TWITRP - Twisp River rotary smolt trap,2023,4/26/2023,TWR - Lwr Twisp Rvr near MSRF Ponds,TWR,48.367135,-120.13833,2023-04-26 19:26:35,2023-04-26 19:26:35,1
3DD.003E2162BA,Larvae,TWITRP - Twisp River rotary smolt trap,2023,4/12/2023,TWR - Lwr Twisp Rvr near MSRF Ponds,TWR,48.367135,-120.13833,2023-04-15 23:54:37,2023-04-15 23:54:37,1
3DD.003E2162CE,Larvae,METHR - Methow River,2023,5/26/2023,LMR - Lower Methow River at Pateros,LMR,48.074923,-119.956143,2024-05-11 23:54:29,2024-05-11 23:54:29,1
3DD.003E21630E,Larvae,METHR - Methow River,2023,5/29/2023,LMR - Lower Methow River at Pateros,LMR,48.074923,-119.956143,2024-05-11 23:46:57,2024-05-11 23:47:00,1
3DD.0078E12B00,Larvae,METTRP - Methow Smolt Trap at McFarland Creek Road Bridge,2025,5/22/2025,LMR - Lower Methow River at Pateros,LMR,48.074923,-119.956143,2025-12-11 22:30:09,2025-12-11 22:30:09,1
3DD.0078E12B06,Larvae,METTRP - Methow Smolt Trap at McFarland Creek Road Bridge,2025,5/14/2025,LMR - Lower Methow River at Pateros,LMR,48.074923,-119.956143,2025-12-11 07:52:16,2025-12-11 07:52:16,1
3DD.0078E12B33,Larvae,METTRP - Methow Smolt Trap at McFarland Creek Road Bridge,2025,4/29/2025,LMR - Lower Methow River at Pateros,LMR,48.074923,-119.956143,2025-05-31 01:22:46,2025-05-31 01:22:46,1
3DD.0078E12B45,Larvae,METTRP - Methow Smolt Trap at McFarland Creek Road Bridge,2025,5/20/2025,LMR - Lower Methow River at Pateros,LMR,48.074923,-119.956143,2025-12-11 13:16:54,2025-12-11 13:16:54,1
3DD.0078E12B58,Larvae,METTRP - Methow Smolt Trap at McFarland Creek Road Bridge,2025,5/20/2025,LMR - Lower Methow River at Pateros,LMR,48.074923,-119.956143,2025-12-11 09:24:12,2025-12-11 09:24:12,1
3DD.0078E12B5D,Larvae,METTRP - Methow Smolt Trap at McFarland Creek Road Bridge,2025,4/30/2025,LMR - Lower Methow River at Pateros,LMR,48.074923,-119.956143,2025-05-30 00:26:28,2025-05-30 00:26:28,1
3DD.0078E13DC5,Larvae,METTRP - Methow Smolt Trap at McFarland Creek Road Bridge,2025,5/23/2025,LMR - Lower Methow River at Pateros,LMR,48.074923,-119.956143,2025-05-25 01:10:36,2025-05-25 01:10:36,1
3DD.0078E13DD0,Larvae,METTRP - Methow Smolt Trap at McFarland Creek Road Bridge,2025,5/27/2025,LMR - Lower Methow River at Pateros,LMR,48.074923,-119.956143,2025-06-09 16:08:31,2025-06-09 16:08:31,1
3DD.0078E13DD1,Larvae,METTRP - Methow Smolt Trap at McFarland Creek Road Bridge,2025,5/30/2025,LMR - Lower Methow River at Pateros,LMR,48.074923,-119.956143,2025-12-11 10:34:04,2025-12-11 10:34:04,1
3DD.0078E13DF3,Larvae,METTRP - Methow Smolt Trap at McFarland Creek Road Bridge,2025,5/25/2025,LMR - Lower Methow River at Pateros,LMR,48.074923,-119.956143,2025-05-31 02:52:55,2025-05-31 02:52:55,1
