tag,mark_file,site,first_time,last_time,first_antenna_group,last_antenna_group,release_date,species_code,species_name,run_code,run_name,rear_type_code,rear_type_name,release_site,count
3D9.1A4FA10411,CGS-2021-066-KAE.xml,LMR - Lower Methow River at Pateros,12/3/2021 11:16:04 PM,12/3/2021 11:16:04 PM,Upstream Array,Upstream Array,4/30/2021,A,Pacific Lamprey,0,N/A,W,Wild Fish or Natural Production,METTRP - Methow Smolt Trap at McFarland Creek Road Bridge,1
3D9.1A4FA104DA,CGS-2021-066-KAE.xml,LMR - Lower Methow River at Pateros,3/29/2022 11:10:55 PM,3/29/2022 11:10:55 PM,Upstream Array,Upstream Array,5/4/2021,A,Pacific Lamprey,0,N/A,W,Wild Fish or Natural Production,METTRP - Methow Smolt Trap at McFarland Creek Road Bridge,1
3D9.1A4FA10518,CGS-2021-066-KAE.xml,LMR - Lower Methow River at Pateros,3/19/2022 8:15:07 PM,3/19/2022 8:15:07 PM,Downstream Array,Downstream Array,5/6/2021,A,Pacific Lamprey,0,N/A,W,Wild Fish or Natural Production,METTRP - Methow Smolt Trap at McFarland Creek Road Bridge,1
3D9.1A4FA12EDF,CGS-2023-084-KAE.xml,LMR - Lower Methow River at Pateros,2/6/2024 7:25:46 PM,2/6/2024 7:25:46 PM,Upstream Array,Upstream Array,4/6/2023,A,Pacific Lamprey,0,N/A,W,Wild Fish or Natural Production,METHR - Methow River,1
3D9.1A4FAAAAA0,CGS-2023-084-KAE.xml,LMR - Lower Methow River at Pateros,5/11/2024 11:40:49 PM,5/11/2024 11:40:49 PM,Upstream Array,Upstream Array,6/7/2023,A,Pacific Lamprey,0,N/A,W,Wild Fish or Natural Production,METHR - Methow River,1
3D9.1A4FD26EA6,CGS-2024-033-KAE.xml,LMR - Lower Methow River at Pateros,5/2/2025 10:03:35 PM,5/2/2025 10:37:27 PM,Upstream Array,Downstream Array,5/10/2024,A,Pacific Lamprey,0,N/A,W,Wild Fish or Natural Production,METHR - Methow River,1
3D9.1A4FD26F1E,CGS-2024-033-KAE.xml,LMR - Lower Methow River at Pateros,5/26/2025 10:32:28 PM,5/26/2025 10:32:28 PM,Downstream Array,Downstream Array,5/16/2024,A,Pacific Lamprey,0,N/A,W,Wild Fish or Natural Production,METHR - Methow River,1
3D9.1A4FD26F26,CGS-2024-033-KAE.xml,LMR - Lower Methow River at Pateros,4/21/2025 11:05:59 PM,4/21/2025 11:05:59 PM,Downstream Array,Downstream Array,5/28/2024,A,Pacific Lamprey,0,N/A,W,Wild Fish or Natural Production,METHR - Methow River,1
3D9.1A4FD26F2A,CGS-2024-033-KAE.xml,LMR - Lower Methow River at Pateros,12/11/2025 10:03:44 AM,12/11/2025 10:03:44 AM,Upstream Array,Upstream Array,5/16/2024,A,Pacific Lamprey,0,N/A,W,Wild Fish or Natural Production,METHR - Methow River,1
3D9.1A4FD26F78,CGS-2024-033-KAE.xml,LMR - Lower Methow River at Pateros,4/20/2025 7:54:07 PM,4/20/2025 7:54:07 PM,Upstream Array,Upstream Array,6/18/2024,A,Pacific Lamprey,0,N/A,W,Wild Fish or Natural Production,METHR - Methow River,1
3D9.1A4FD2A0F1,CGS-2025-065-LAE.xml,TWR - Lwr Twisp Rvr near MSRF Ponds,12/20/2025 11:12:20 PM,12/20/2025 11:12:20 PM,UPPER IN-STREAM ARRAY,UPPER IN-STREAM ARRAY,12/20/2025,A,Pacific Lamprey,0,N/A,W,Wild Fish or Natural Production,TWITRP - Twisp River rotary smolt trap,1
3D9.1A4FD2A0F3,CGS-2025-065-LAE.xml,TWR - Lwr Twisp Rvr near MSRF Ponds,12/24/2025 6:55:34 AM,12/24/2025 6:55:34 AM,UPPER IN-STREAM ARRAY,UPPER IN-STREAM ARRAY,12/23/2025,A,Pacific Lamprey,0,N/A,W,Wild Fish or Natural Production,TWITRP - Twisp River rotary smolt trap,1
3D9.1A4FD2A0FE,CGS-2025-065-LAE.xml,TWR - Lwr Twisp Rvr near MSRF Ponds,1/6/2026 2:22:43 AM,1/6/2026 2:22:43 AM,UPPER IN-STREAM ARRAY,UPPER IN-STREAM ARRAY,1/3/2026,A,Pacific Lamprey,0,N/A,W,Wild Fish or Natural Production,TWITRP - Twisp River rotary smolt trap,1
3D9.1A4FD2A100,CGS-2025-065-LAE.xml,TWR - Lwr Twisp Rvr near MSRF Ponds,11/17/2025 11:05:57 AM,11/17/2025 11:05:57 AM,UPPER IN-STREAM ARRAY,UPPER IN-STREAM ARRAY,11/17/2025,A,Pacific Lamprey,0,N/A,W,Wild Fish or Natural Production,TWITRP - Twisp River rotary smolt trap,1
3D9.1A4FD2A106,CGS-2025-065-LAE.xml,TWR - Lwr Twisp Rvr near MSRF Ponds,11/17/2025 11:06:14 AM,11/17/2025 11:06:14 AM,UPPER IN-STREAM ARRAY,UPPER IN-STREAM ARRAY,11/17/2025,A,Pacific Lamprey,0,N/A,W,Wild Fish or Natural Production,TWITRP - Twisp River rotary smolt trap,1
3D9.1A4FD2A10C,CGS-2025-065-LAE.xml,TWR - Lwr Twisp Rvr near MSRF Ponds,11/16/2025 12:31:41 AM,11/16/2025 12:31:41 AM,LOWER IN-STREAM ARRAY,LOWER IN-STREAM ARRAY,11/15/2025,A,Pacific Lamprey,0,N/A,W,Wild Fish or Natural Production,TWITRP - Twisp River rotary smolt trap,1
3D9.1A4FD2A112,CGS-2025-065-LAE.xml,TWR - Lwr Twisp Rvr near MSRF Ponds,12/1/2025 5:05:28 AM,12/1/2025 5:05:28 AM,LOWER IN-STREAM ARRAY,LOWER IN-STREAM ARRAY,11/19/2025,A,Pacific Lamprey,0,N/A,W,Wild Fish or Natural Production,TWITRP - Twisp River rotary smolt trap,1
3D9.1A4FD2A113,CGS-2025-065-LAE.xml,TWR - Lwr Twisp Rvr near MSRF Ponds,12/15/2025 4:57:19 PM,12/15/2025 4:57:19 PM,UPPER IN-STREAM ARRAY,UPPER IN-STREAM ARRAY,12/15/2025,A,Pacific Lamprey,0,N/A,W,Wild Fish or Natural Production,TWITRP - Twisp River rotary smolt trap,1
3D9.1A4FD2A11A,CGS-2025-065-LAE.xml,TWR - Lwr Twisp Rvr near MSRF Ponds,11/16/2025 8:07:52 PM,11/16/2025 8:07:52 PM,UPPER IN-STREAM ARRAY,UPPER IN-STREAM ARRAY,11/16/2025,A,Pacific Lamprey,0,N/A,W,Wild Fish or Natural Production,TWITRP - Twisp River rotary smolt trap,1
3D9.1A4FD2A123,CGS-2025-065-LAE.xml,TWR - Lwr Twisp Rvr near MSRF Ponds,12/11/2025 2:59:41 AM,12/11/2025 2:59:51 AM,UPPER IN-STREAM ARRAY,LOWER IN-STREAM ARRAY,12/1/2025,A,Pacific Lamprey,0,N/A,W,Wild Fish or Natural Production,TWITRP - Twisp River rotary smolt trap,1
3D9.1A4FD2A127,CGS-2025-065-LAE.xml,TWR - Lwr Twisp Rvr near MSRF Ponds,12/8/2025 11:21:57 PM,12/8/2025 11:21:57 PM,UPPER IN-STREAM ARRAY,UPPER IN-STREAM ARRAY,11/17/2025,A,Pacific Lamprey,0,N/A,W,Wild Fish or Natural Production,TWITRP - Twisp River rotary smolt trap,1
3D9.1A4FD2A128,CGS-2025-065-LAE.xml,TWR - Lwr Twisp Rvr near MSRF Ponds,11/15/2025 8:56:01 PM,11/15/2025 8:56:01 PM,LOWER IN-STREAM ARRAY,LOWER IN-STREAM ARRAY,11/15/2025,A,Pacific Lamprey,0,N/A,W,Wild Fish or Natural Production,TWITRP - Twisp River rotary smolt trap,1
3D9.1A4FD2A12F,CGS-2025-065-LAE.xml,TWR - Lwr Twisp Rvr near MSRF Ponds,11/30/2025 12:16:10 AM,11/30/2025 12:16:10 AM,LOWER IN-STREAM ARRAY,LOWER IN-STREAM ARRAY,11/16/2025,A,Pacific Lamprey,0,N/A,W,Wild Fish or Natural Production,TWITRP - Twisp River rotary smolt trap,1
3D9.1A4FD2A132,CGS-2025-065-LAE.xml,TWR - Lwr Twisp Rvr near MSRF Ponds,12/11/2025 4:22:07 AM,12/11/2025 4:22:07 AM,UPPER IN-STREAM ARRAY,UPPER IN-STREAM ARRAY,11/17/2025,A,Pacific Lamprey,0,N/A,W,Wild Fish or Natural Production,TWITRP - Twisp River rotary smolt trap,1
3D9.1A4FD2A134,CGS-2025-065-LAE.xml,TWR - Lwr Twisp Rvr near MSRF Ponds,11/21/2025 7:48:26 PM,11/21/2025 7:48:31 PM,UPPER IN-STREAM ARRAY,LOWER IN-STREAM ARRAY,11/21/2025,A,Pacific Lamprey,0,N/A,W,Wild Fish or Natural Production,TWITRP - Twisp River rotary smolt trap,1
3D9.1A4FD2A138,CGS-2025-065-LAE.xml,TWR - Lwr Twisp Rvr near MSRF Ponds,12/16/2025 1:43:13 AM,12/16/2025 1:43:13 AM,UPPER IN-STREAM ARRAY,UPPER IN-STREAM ARRAY,12/15/2025,A,Pacific Lamprey,0,N/A,W,Wild Fish or Natural Production,TWITRP - Twisp River rotary smolt trap,1
3D9.1A4FD2A144,CGS-2025-065-LAE.xml,TWR - Lwr Twisp Rvr near MSRF Ponds,12/11/2025 12:31:50 AM,12/11/2025 12:31:52 AM,UPPER IN-STREAM ARRAY,LOWER IN-STREAM ARRAY,11/19/2025,A,Pacific Lamprey,0,N/A,W,Wild Fish or Natural Production,TWITRP - Twisp River rotary smolt trap,1
3D9.1A4FD2A148,CGS-2025-065-LAE.xml,TWR - Lwr Twisp Rvr near MSRF Ponds,11/18/2025 3:11:22 AM,11/18/2025 3:11:22 AM,UPPER IN-STREAM ARRAY,UPPER IN-STREAM ARRAY,11/17/2025,A,Pacific Lamprey,0,N/A,W,Wild Fish or Natural Production,TWITRP - Twisp River rotary smolt trap,1
3D9.1A4FD2A14A,CGS-2025-065-LAE.xml,TWR - Lwr Twisp Rvr near MSRF Ponds,12/22/2025 2:07:06 PM,12/22/2025 2:07:12 PM,UPPER IN-STREAM ARRAY,LOWER IN-STREAM ARRAY,12/22/2025,A,Pacific Lamprey,0,N/A,W,Wild Fish or Natural Production,TWITRP - Twisp River rotary smolt trap,1
3D9.1A4FD2A150,CGS-2025-065-LAE.xml,TWR - Lwr Twisp Rvr near MSRF Ponds,11/15/2025 2:19:35 PM,11/15/2025 2:19:35 PM,UPPER IN-STREAM ARRAY,UPPER IN-STREAM ARRAY,11/15/2025,A,Pacific Lamprey,0,N/A,W,Wild Fish or Natural Production,TWITRP - Twisp River rotary smolt trap,1
3D9.1A4FD2A151,CGS-2025-065-LAE.xml,TWR - Lwr Twisp Rvr near MSRF Ponds,11/23/2025 11:05:27 PM,11/23/2025 11:05:27 PM,LOWER IN-STREAM ARRAY,LOWER IN-STREAM ARRAY,11/19/2025,A,Pacific Lamprey,0,N/A,W,Wild Fish or Natural Production,TWITRP - Twisp River rotary smolt trap,1
3DD.003D670F1E,CGS-2023-084-KAE.xml,LMR - Lower Methow River at Pateros,5/1/2023 11:56:17 PM,5/1/2023 11:56:17 PM,Upstream Array,Upstream Array,5/1/2023,A,Pacific Lamprey,0,N/A,W,Wild Fish or Natural Production,METHR - Methow River,1
3DD.003D670F7C,CGS-2023-084-KAE.xml,LMR - Lower Methow River at Pateros,5/12/2024 10:48:24 PM,5/12/2024 10:48:24 PM,Downstream Array,Downstream Array,5/15/2023,A,Pacific Lamprey,0,N/A,W,Wild Fish or Natural Production,METTRP - Methow Smolt Trap at McFarland Creek Road Bridge,1
3DD.003D9374D8,CGS-2021-066-KAE.xml,LMR - Lower Methow River at Pateros,5/13/2021 8:20:14 PM,5/13/2021 8:20:14 PM,Downstream Array,Downstream Array,5/4/2021,A,Pacific Lamprey,0,N/A,W,Wild Fish or Natural Production,METTRP - Methow Smolt Trap at McFarland Creek Road Bridge,1
3DD.003D9374DC,CGS-2021-066-KAE.xml,LMR - Lower Methow River at Pateros,5/10/2021 7:40:14 AM,5/10/2021 7:40:14 AM,Downstream Array,Downstream Array,5/3/2021,A,Pacific Lamprey,0,N/A,W,Wild Fish or Natural Production,METHR - Methow River,1
3DD.003D9374DE,CGS-2021-066-KAE.xml,LMR - Lower Methow River at Pateros,5/21/2021 5:40:58 AM,5/21/2021 5:40:58 AM,Upstream Array,Upstream Array,5/6/2021,A,Pacific Lamprey,0,N/A,W,Wild Fish or Natural Production,METTRP - Methow Smolt Trap at McFarland Creek Road Bridge,1
3DD.003D9374F1,CGS-2021-066-KAE.xml,LMR - Lower Methow River at Pateros,5/13/2021 8:26:19 PM,5/13/2021 8:26:19 PM,Upstream Array,Upstream Array,5/10/2021,A,Pacific Lamprey,0,N/A,W,Wild Fish or Natural Production,METHR - Methow River,1
3DD.003D937518,CGS-2021-066-KAE.xml,LMR - Lower Methow River at Pateros,6/2/2022 10:42:38 PM,6/2/2022 10:42:38 PM,Downstream Array,Downstream Array,5/3/2021,A,Pacific Lamprey,0,N/A,W,Wild Fish or Natural Production,METHR - Methow River,1
3DD.003D9378C2,CGS-2022-063-LAE.xml,TWR - Lwr Twisp Rvr near MSRF Ponds,5/16/2022 8:34:16 PM,5/16/2022 8:34:16 PM,LOWER IN-STREAM ARRAY,LOWER IN-STREAM ARRAY,5/6/2022,A,Pacific Lamprey,0,N/A,W,Wild Fish or Natural Production,TWISPR - Twisp River,1
3DD.003D9378C8,CGS-2021-066-KAE.xml,LMR - Lower Methow River at Pateros,5/26/2021 7:47:36 AM,5/26/2021 7:47:36 AM,Upstream Array,Upstream Array,5/17/2021,A,Pacific Lamprey,0,N/A,W,Wild Fish or Natural Production,METTRP - Methow Smolt Trap at McFarland Creek Road Bridge,1
3DD.003D9378D5,CGS-2021-066-KAE.xml,LMR - Lower Methow River at Pateros,11/19/2021 6:05:31 AM,11/19/2021 6:05:31 AM,Upstream Array,Upstream Array,6/3/2021,A,Pacific Lamprey,0,N/A,W,Wild Fish or Natural Production,METTRP - Methow Smolt Trap at McFarland Creek Road Bridge,1
3DD.003D9378DE,CGS-2022-063-LAE.xml,TWR - Lwr Twisp Rvr near MSRF Ponds,5/4/2022 7:17:31 PM,5/4/2022 7:17:31 PM,UPPER IN-STREAM ARRAY,UPPER IN-STREAM ARRAY,5/4/2022,A,Pacific Lamprey,0,N/A,W,Wild Fish or Natural Production,TWISPR - Twisp River,1
3DD.003D9378E1,CGS-2022-063-LAE.xml,TWR - Lwr Twisp Rvr near MSRF Ponds,5/25/2022 11:33:45 PM,5/25/2022 11:33:45 PM,LOWER IN-STREAM ARRAY,LOWER IN-STREAM ARRAY,5/6/2022,A,Pacific Lamprey,0,N/A,W,Wild Fish or Natural Production,TWISPR - Twisp River,1
3DD.003D9378E4,CGS-2022-063-LAE.xml,TWR - Lwr Twisp Rvr near MSRF Ponds,5/5/2022 10:34:44 AM,5/5/2022 10:34:46 AM,UPPER IN-STREAM ARRAY,LOWER IN-STREAM ARRAY,5/4/2022,A,Pacific Lamprey,0,N/A,W,Wild Fish or Natural Production,TWISPR - Twisp River,1
3DD.003D9378E9,CGS-2022-063-LAE.xml,TWR - Lwr Twisp Rvr near MSRF Ponds,4/2/2022 4:31:37 PM,4/2/2022 4:31:37 PM,LOWER IN-STREAM ARRAY,LOWER IN-STREAM ARRAY,4/2/2022,A,Pacific Lamprey,0,N/A,W,Wild Fish or Natural Production,TWISPR - Twisp River,1
3DD.003D9378EE,CGS-2022-063-LAE.xml,TWR - Lwr Twisp Rvr near MSRF Ponds,4/27/2022 5:14:28 PM,4/27/2022 5:14:34 PM,UPPER IN-STREAM ARRAY,LOWER IN-STREAM ARRAY,4/27/2022,A,Pacific Lamprey,0,N/A,W,Wild Fish or Natural Production,TWISPR - Twisp River,1
3DD.003D9378F4,CGS-2022-063-LAE.xml,TWR - Lwr Twisp Rvr near MSRF Ponds,5/4/2022 7:17:47 PM,5/4/2022 7:17:56 PM,UPPER IN-STREAM ARRAY,LOWER IN-STREAM ARRAY,5/4/2022,A,Pacific Lamprey,0,N/A,W,Wild Fish or Natural Production,TWISPR - Twisp River,1
3DD.003D9378F9,CGS-2022-063-LAE.xml,TWR - Lwr Twisp Rvr near MSRF Ponds,4/27/2022 1:36:30 AM,4/27/2022 1:36:35 AM,UPPER IN-STREAM ARRAY,LOWER IN-STREAM ARRAY,4/25/2022,A,Pacific Lamprey,0,N/A,W,Wild Fish or Natural Production,TWISPR - Twisp River,1
3DD.003D937900,CGS-2022-063-LAE.xml,TWR - Lwr Twisp Rvr near MSRF Ponds,5/5/2022 4:24:22 AM,5/5/2022 4:24:22 AM,LOWER IN-STREAM ARRAY,LOWER IN-STREAM ARRAY,5/4/2022,A,Pacific Lamprey,0,N/A,W,Wild Fish or Natural Production,TWISPR - Twisp River,1
3DD.003D937903,CGS-2021-066-KAE.xml,LMR - Lower Methow River at Pateros,6/8/2021 6:30:27 PM,6/8/2021 6:30:27 PM,Upstream Array,Upstream Array,6/3/2021,A,Pacific Lamprey,0,N/A,W,Wild Fish or Natural Production,METTRP - Methow Smolt Trap at McFarland Creek Road Bridge,1
3DD.003D937904,CGS-2022-063-LAE.xml,TWR - Lwr Twisp Rvr near MSRF Ponds,5/22/2022 11:40:08 PM,5/22/2022 11:40:08 PM,UPPER IN-STREAM ARRAY,UPPER IN-STREAM ARRAY,5/22/2022,A,Pacific Lamprey,0,N/A,W,Wild Fish or Natural Production,TWISPR - Twisp River,1
3DD.003D93790B,CGS-2022-063-LAE.xml,TWR - Lwr Twisp Rvr near MSRF Ponds,5/2/2022 7:55:00 PM,5/2/2022 7:55:06 PM,UPPER IN-STREAM ARRAY,LOWER IN-STREAM ARRAY,5/2/2022,A,Pacific Lamprey,0,N/A,W,Wild Fish or Natural Production,TWISPR - Twisp River,1
3DD.003D93790F,CGS-2022-063-LAE.xml,TWR - Lwr Twisp Rvr near MSRF Ponds,5/3/2022 7:19:07 PM,5/3/2022 7:19:13 PM,UPPER IN-STREAM ARRAY,LOWER IN-STREAM ARRAY,5/3/2022,A,Pacific Lamprey,0,N/A,W,Wild Fish or Natural Production,TWISPR - Twisp River,1
3DD.003D937913,CGS-2022-063-LAE.xml,TWR - Lwr Twisp Rvr near MSRF Ponds,5/5/2022 7:22:53 PM,5/5/2022 7:22:57 PM,UPPER IN-STREAM ARRAY,LOWER IN-STREAM ARRAY,5/5/2022,A,Pacific Lamprey,0,N/A,W,Wild Fish or Natural Production,TWISPR - Twisp River,1
3DD.003D937916,CGS-2021-066-KAE.xml,LMR - Lower Methow River at Pateros,6/10/2021 8:14:30 AM,6/10/2021 8:14:30 AM,Upstream Array,Upstream Array,6/3/2021,A,Pacific Lamprey,0,N/A,W,Wild Fish or Natural Production,METTRP - Methow Smolt Trap at McFarland Creek Road Bridge,1
3DD.003D93791A,CGS-2022-063-LAE.xml,TWR - Lwr Twisp Rvr near MSRF Ponds,3/29/2022 5:23:52 PM,3/29/2022 5:23:52 PM,LOWER IN-STREAM ARRAY,LOWER IN-STREAM ARRAY,3/29/2022,A,Pacific Lamprey,0,N/A,W,Wild Fish or Natural Production,TWISPR - Twisp River,1
3DD.003D93791D,CGS-2022-063-LAE.xml,TWR - Lwr Twisp Rvr near MSRF Ponds,3/29/2022 3:23:27 PM,3/29/2022 3:23:31 PM,UPPER IN-STREAM ARRAY,LOWER IN-STREAM ARRAY,3/29/2022,A,Pacific Lamprey,0,N/A,W,Wild Fish or Natural Production,TWISPR - Twisp River,1
3DD.003D937AB7,CGS-2022-051-KAE.xml,LMR - Lower Methow River at Pateros,5/23/2022 8:42:01 PM,5/23/2022 8:42:01 PM,Downstream Array,Downstream Array,5/6/2022,A,Pacific Lamprey,0,N/A,W,Wild Fish or Natural Production,METTRP - Methow Smolt Trap at McFarland Creek Road Bridge,1
3DD.003D937ABD,CGS-2022-051-KAE.xml,LMR - Lower Methow River at Pateros,5/15/2022 7:51:00 PM,5/15/2022 7:51:00 PM,Upstream Array,Upstream Array,5/6/2022,A,Pacific Lamprey,0,N/A,W,Wild Fish or Natural Production,METTRP - Methow Smolt Trap at McFarland Creek Road Bridge,1
3DD.003D937ABE,CGS-2022-051-KAE.xml,LMR - Lower Methow River at Pateros,6/8/2022 6:17:56 PM,6/8/2022 6:17:56 PM,Upstream Array,Upstream Array,6/3/2022,A,Pacific Lamprey,0,N/A,W,Wild Fish or Natural Production,METTRP - Methow Smolt Trap at McFarland Creek Road Bridge,1
3DD.003D937AC1,CGS-2022-051-KAE.xml,LMR - Lower Methow River at Pateros,5/6/2022 9:10:37 PM,5/6/2022 9:10:37 PM,Upstream Array,Upstream Array,5/6/2022,A,Pacific Lamprey,0,N/A,W,Wild Fish or Natural Production,METTRP - Methow Smolt Trap at McFarland Creek Road Bridge,1
3DD.003D937AC2,CGS-2022-051-KAE.xml,LMR - Lower Methow River at Pateros,5/6/2022 9:46:32 PM,5/6/2022 9:46:35 PM,Upstream Array,Downstream Array,5/6/2022,A,Pacific Lamprey,0,N/A,W,Wild Fish or Natural Production,METTRP - Methow Smolt Trap at McFarland Creek Road Bridge,1
3DD.003D937AD7,CGS-2022-051-KAE.xml,LMR - Lower Methow River at Pateros,6/2/2022 11:19:06 PM,6/2/2022 11:19:06 PM,Upstream Array,Upstream Array,5/2/2022,A,Pacific Lamprey,0,N/A,W,Wild Fish or Natural Production,METTRP - Methow Smolt Trap at McFarland Creek Road Bridge,1
3DD.003D937B2B,CGS-2024-033-KAE.xml,LMR - Lower Methow River at Pateros,5/11/2024 8:36:51 PM,5/11/2024 8:36:51 PM,Downstream Array,Downstream Array,4/16/2024,A,Pacific Lamprey,0,N/A,W,Wild Fish or Natural Production,METHR - Methow River,1
3DD.003E215D44,CGS-2025-065-LAE.xml,TWR - Lwr Twisp Rvr near MSRF Ponds,12/9/2025 5:23:05 PM,12/9/2025 5:23:05 PM,UPPER IN-STREAM ARRAY,UPPER IN-STREAM ARRAY,11/14/2025,A,Pacific Lamprey,0,N/A,W,Wild Fish or Natural Production,TWITRP - Twisp River rotary smolt trap,1
3DD.003E2161A8,CGS-2024-033-KAE.xml,LMR - Lower Methow River at Pateros,5/29/2024 12:07:56 AM,5/29/2024 12:07:56 AM,Downstream Array,Downstream Array,5/19/2024,A,Pacific Lamprey,0,N/A,W,Wild Fish or Natural Production,METHR - Methow River,1
3DD.003E2161DF,CGS-2024-033-KAE.xml,LMR - Lower Methow River at Pateros,3/30/2025 1:37:31 AM,3/30/2025 1:37:31 AM,Downstream Array,Downstream Array,6/10/2024,A,Pacific Lamprey,0,N/A,W,Wild Fish or Natural Production,METHR - Methow River,1
3DD.003E2161EA,CGS-2024-033-KAE.xml,LMR - Lower Methow River at Pateros,3/29/2025 12:02:05 AM,3/29/2025 12:02:05 AM,Upstream Array,Upstream Array,5/25/2024,A,Pacific Lamprey,0,N/A,W,Wild Fish or Natural Production,METTRP - Methow Smolt Trap at McFarland Creek Road Bridge,1
3DD.003E2161FD,CGS-2024-033-KAE.xml,LMR - Lower Methow River at Pateros,5/17/2024 12:07:35 PM,5/17/2024 12:07:35 PM,Downstream Array,Downstream Array,5/13/2024,A,Pacific Lamprey,0,N/A,W,Wild Fish or Natural Production,METHR - Methow River,1
3DD.003E2161FE,CGS-2024-033-KAE.xml,LMR - Lower Methow River at Pateros,4/19/2025 10:44:14 PM,4/19/2025 10:44:14 PM,Upstream Array,Upstream Array,5/16/2024,A,Pacific Lamprey,0,N/A,W,Wild Fish or Natural Production,METHR - Methow River,1
3DD.003E216232,CGS-2024-033-KAE.xml,LMR - Lower Methow River at Pateros,5/13/2024 12:10:50 AM,5/13/2024 12:10:50 AM,Upstream Array,Upstream Array,5/1/2024,A,Pacific Lamprey,0,N/A,W,Wild Fish or Natural Production,METHR - Methow River,1
3DD.003E21623E,CGS-2024-033-KAE.xml,LMR - Lower Methow River at Pateros,5/27/2024 3:08:28 AM,5/27/2024 3:08:33 AM,Upstream Array,Downstream Array,5/19/2024,A,Pacific Lamprey,0,N/A,W,Wild Fish or Natural Production,METHR - Methow River,1
3DD.003E21625A,CGS-2022-063-LAE.xml,LMR - Lower Methow River at Pateros,4/29/2023 12:13:52 AM,4/29/2023 12:13:52 AM,Upstream Array,Upstream Array,7/11/2022,A,Pacific Lamprey,0,N/A,W,Wild Fish or Natural Production,TWISPR - Twisp River,1
3DD.003E21625A,CGS-2022-063-LAE.xml,TWR - Lwr Twisp Rvr near MSRF Ponds,7/11/2022 10:54:35 AM,7/11/2022 10:54:39 AM,UPPER IN-STREAM ARRAY,LOWER IN-STREAM ARRAY,7/11/2022,A,Pacific Lamprey,0,N/A,W,Wild Fish or Natural Production,TWISPR - Twisp River,1
3DD.003E21625B,CGS-2022-063-LAE.xml,MRC - Methow River at Carlton,4/27/2023 9:30:36 PM,4/27/2023 9:30:36 PM,Single Array,Single Array,7/21/2022,A,Pacific Lamprey,0,N/A,W,Wild Fish or Natural Production,TWISPR - Twisp River,1
3DD.003E21625B,CGS-2022-063-LAE.xml,TWR - Lwr Twisp Rvr near MSRF Ponds,7/21/2022 10:40:46 AM,7/21/2022 10:40:55 AM,UPPER IN-STREAM ARRAY,LOWER IN-STREAM ARRAY,7/21/2022,A,Pacific Lamprey,0,N/A,W,Wild Fish or Natural Production,TWISPR - Twisp River,1
3DD.003E21625C,CGS-2022-063-LAE.xml,TWR - Lwr Twisp Rvr near MSRF Ponds,5/30/2022 9:55:33 PM,5/30/2022 9:55:35 PM,UPPER IN-STREAM ARRAY,LOWER IN-STREAM ARRAY,5/28/2022,A,Pacific Lamprey,0,N/A,W,Wild Fish or Natural Production,TWISPR - Twisp River,1
3DD.003E216261,CGS-2022-063-LAE.xml,TWR - Lwr Twisp Rvr near MSRF Ponds,7/4/2022 6:35:46 PM,7/4/2022 6:35:46 PM,LOWER IN-STREAM ARRAY,LOWER IN-STREAM ARRAY,7/4/2022,A,Pacific Lamprey,0,N/A,W,Wild Fish or Natural Production,TWISPR - Twisp River,1
3DD.003E216265,CGS-2023-073-LAE.xml,MRC - Methow River at Carlton,5/11/2024 11:13:36 PM,5/11/2024 11:13:36 PM,Single Array,Single Array,7/19/2023,A,Pacific Lamprey,0,N/A,W,Wild Fish or Natural Production,TWITRP - Twisp River rotary smolt trap,1
3DD.003E21626B,CGS-2023-073-LAE.xml,TWR - Lwr Twisp Rvr near MSRF Ponds,4/18/2023 10:41:05 PM,4/18/2023 10:41:05 PM,LOWER IN-STREAM ARRAY,LOWER IN-STREAM ARRAY,4/18/2023,A,Pacific Lamprey,0,N/A,W,Wild Fish or Natural Production,TWITRP - Twisp River rotary smolt trap,1
3DD.003E21626C,CGS-2022-063-LAE.xml,TWR - Lwr Twisp Rvr near MSRF Ponds,6/2/2022 11:28:54 PM,6/2/2022 11:28:57 PM,UPPER IN-STREAM ARRAY,LOWER IN-STREAM ARRAY,5/28/2022,A,Pacific Lamprey,0,N/A,W,Wild Fish or Natural Production,TWISPR - Twisp River,1
3DD.003E21626D,CGS-2022-063-LAE.xml,TWR - Lwr Twisp Rvr near MSRF Ponds,11/28/2022 3:56:49 AM,11/28/2022 7:01:20 AM,UPPER IN-STREAM ARRAY,LOWER IN-STREAM ARRAY,10/27/2022,A,Pacific Lamprey,0,N/A,W,Wild Fish or Natural Production,TWISPR - Twisp River,1
3DD.003E216270,CGS-2023-073-LAE.xml,TWR - Lwr Twisp Rvr near MSRF Ponds,5/4/2023 5:28:02 AM,5/4/2023 5:28:03 AM,UPPER IN-STREAM ARRAY,LOWER IN-STREAM ARRAY,5/1/2023,A,Pacific Lamprey,0,N/A,W,Wild Fish or Natural Production,TWITRP - Twisp River rotary smolt trap,1
3DD.003E216278,CGS-2023-073-LAE.xml,TWR - Lwr Twisp Rvr near MSRF Ponds,3/23/2024 8:30:09 PM,3/23/2024 8:30:09 PM,LOWER IN-STREAM ARRAY,LOWER IN-STREAM ARRAY,5/31/2023,A,Pacific Lamprey,0,N/A,W,Wild Fish or Natural Production,TWISPR - Twisp River,1
3DD.003E216279,CGS-2025-065-LAE.xml,TWR - Lwr Twisp Rvr near MSRF Ponds,11/9/2025 5:41:14 PM,11/9/2025 5:41:20 PM,UPPER IN-STREAM ARRAY,LOWER IN-STREAM ARRAY,11/8/2025,A,Pacific Lamprey,0,N/A,W,Wild Fish or Natural Production,TWITRP - Twisp River rotary smolt trap,1
3DD.003E21627E,CGS-2022-063-LAE.xml,TWR - Lwr Twisp Rvr near MSRF Ponds,8/8/2022 3:08:44 AM,8/8/2022 3:09:05 AM,UPPER IN-STREAM ARRAY,LOWER IN-STREAM ARRAY,8/5/2022,A,Pacific Lamprey,0,N/A,W,Wild Fish or Natural Production,TWISPR - Twisp River,1
3DD.003E21627F,CGS-2023-073-LAE.xml,TWR - Lwr Twisp Rvr near MSRF Ponds,4/28/2023 7:06:21 PM,4/28/2023 7:06:21 PM,UPPER IN-STREAM ARRAY,UPPER IN-STREAM ARRAY,4/28/2023,A,Pacific Lamprey,0,N/A,W,Wild Fish or Natural Production,TWITRP - Twisp River rotary smolt trap,1
3DD.003E216280,CGS-2025-064-KAE.xml,LMR - Lower Methow River at Pateros,4/30/2025 3:46:24 AM,4/30/2025 3:46:24 AM,Downstream Array,Downstream Array,4/23/2025,A,Pacific Lamprey,0,N/A,W,Wild Fish or Natural Production,METTRP - Methow Smolt Trap at McFarland Creek Road Bridge,1
3DD.003E216285,CGS-2022-063-LAE.xml,TWR - Lwr Twisp Rvr near MSRF Ponds,8/25/2022 6:03:15 AM,8/25/2022 6:03:23 AM,UPPER IN-STREAM ARRAY,LOWER IN-STREAM ARRAY,8/24/2022,A,Pacific Lamprey,0,N/A,W,Wild Fish or Natural Production,TWISPR - Twisp River,1
3DD.003E216287,CGS-2023-073-LAE.xml,TWR - Lwr Twisp Rvr near MSRF Ponds,4/12/2023 7:06:34 PM,4/12/2023 7:06:45 PM,UPPER IN-STREAM ARRAY,LOWER IN-STREAM ARRAY,4/12/2023,A,Pacific Lamprey,0,N/A,W,Wild Fish or Natural Production,TWITRP - Twisp River rotary smolt trap,1
3DD.003E216293,CGS-2022-063-LAE.xml,TWR - Lwr Twisp Rvr near MSRF Ponds,7/29/2022 3:07:39 PM,7/29/2022 3:07:47 PM,UPPER IN-STREAM ARRAY,LOWER IN-STREAM ARRAY,7/29/2022,A,Pacific Lamprey,0,N/A,W,Wild Fish or Natural Production,TWISPR - Twisp River,1
3DD.003E216294,CGS-2025-065-LAE.xml,TWR - Lwr Twisp Rvr near MSRF Ponds,12/11/2025 7:23:11 AM,12/11/2025 7:23:11 AM,UPPER IN-STREAM ARRAY,UPPER IN-STREAM ARRAY,11/14/2025,A,Pacific Lamprey,0,N/A,W,Wild Fish or Natural Production,TWITRP - Twisp River rotary smolt trap,1
3DD.003E216297,CGS-2025-065-LAE.xml,TWR - Lwr Twisp Rvr near MSRF Ponds,11/17/2025 5:12:21 PM,11/17/2025 5:12:21 PM,LOWER IN-STREAM ARRAY,LOWER IN-STREAM ARRAY,11/14/2025,A,Pacific Lamprey,0,N/A,W,Wild Fish or Natural Production,TWITRP - Twisp River rotary smolt trap,1
3DD.003E21629C,CGS-2023-073-LAE.xml,TWR - Lwr Twisp Rvr near MSRF Ponds,4/26/2023 3:17:22 AM,4/26/2023 3:17:25 AM,UPPER IN-STREAM ARRAY,LOWER IN-STREAM ARRAY,4/9/2023,A,Pacific Lamprey,0,N/A,W,Wild Fish or Natural Production,TWITRP - Twisp River rotary smolt trap,1
3DD.003E21629E,CGS-2025-065-LAE.xml,TWR - Lwr Twisp Rvr near MSRF Ponds,11/14/2025 3:13:12 PM,11/14/2025 3:13:17 PM,UPPER IN-STREAM ARRAY,LOWER IN-STREAM ARRAY,11/3/2025,A,Pacific Lamprey,0,N/A,W,Wild Fish or Natural Production,TWITRP - Twisp River rotary smolt trap,1
3DD.003E2162A1,CGS-2023-073-LAE.xml,MRC - Methow River at Carlton,4/30/2023 1:05:33 AM,4/30/2023 1:05:33 AM,Single Array,Single Array,4/26/2023,A,Pacific Lamprey,0,N/A,W,Wild Fish or Natural Production,TWITRP - Twisp River rotary smolt trap,1
3DD.003E2162A4,CGS-2025-065-LAE.xml,MRC - Methow River at Carlton,5/29/2025 1:43:41 AM,5/29/2025 1:43:41 AM,Single Array,Single Array,3/28/2025,A,Pacific Lamprey,0,N/A,W,Wild Fish or Natural Production,TWISPR - Twisp River,1
3DD.003E2162A7,CGS-2023-073-LAE.xml,TWR - Lwr Twisp Rvr near MSRF Ponds,4/26/2023 8:16:14 PM,4/26/2023 8:16:14 PM,LOWER IN-STREAM ARRAY,LOWER IN-STREAM ARRAY,4/26/2023,A,Pacific Lamprey,0,N/A,W,Wild Fish or Natural Production,TWITRP - Twisp River rotary smolt trap,1
3DD.003E2162AB,CGS-2022-063-LAE.xml,TWR - Lwr Twisp Rvr near MSRF Ponds,7/6/2022 11:20:44 AM,7/6/2022 11:20:48 AM,UPPER IN-STREAM ARRAY,LOWER IN-STREAM ARRAY,7/6/2022,A,Pacific Lamprey,0,N/A,W,Wild Fish or Natural Production,TWISPR - Twisp River,1
3DD.003E2162B9,CGS-2023-073-LAE.xml,TWR - Lwr Twisp Rvr near MSRF Ponds,4/26/2023 7:26:35 PM,4/26/2023 7:26:35 PM,LOWER IN-STREAM ARRAY,LOWER IN-STREAM ARRAY,4/26/2023,A,Pacific Lamprey,0,N/A,W,Wild Fish or Natural Production,TWITRP - Twisp River rotary smolt trap,1
3DD.003E2162BA,CGS-2023-073-LAE.xml,TWR - Lwr Twisp Rvr near MSRF Ponds,4/15/2023 11:54:37 PM,4/15/2023 11:54:37 PM,LOWER IN-STREAM ARRAY,LOWER IN-STREAM ARRAY,4/12/2023,A,Pacific Lamprey,0,N/A,W,Wild Fish or Natural Production,TWITRP - Twisp River rotary smolt trap,1
3DD.003E2162CE,CGS-2023-084-KAE.xml,LMR - Lower Methow River at Pateros,5/11/2024 11:54:29 PM,5/11/2024 11:54:29 PM,Upstream Array,Upstream Array,5/26/2023,A,Pacific Lamprey,0,N/A,W,Wild Fish or Natural Production,METHR - Methow River,1
3DD.003E21630E,CGS-2023-084-KAE.xml,LMR - Lower Methow River at Pateros,5/11/2024 11:46:57 PM,5/11/2024 11:47:00 PM,Upstream Array,Downstream Array,5/29/2023,A,Pacific Lamprey,0,N/A,W,Wild Fish or Natural Production,METHR - Methow River,1
3DD.0078E12B00,CGS-2025-064-KAE.xml,LMR - Lower Methow River at Pateros,12/11/2025 10:30:09 PM,12/11/2025 10:30:09 PM,Downstream Array,Downstream Array,5/22/2025,A,Pacific Lamprey,0,N/A,W,Wild Fish or Natural Production,METTRP - Methow Smolt Trap at McFarland Creek Road Bridge,1
3DD.0078E12B06,CGS-2025-064-KAE.xml,LMR - Lower Methow River at Pateros,12/11/2025 7:52:16 AM,12/11/2025 7:52:16 AM,Downstream Array,Downstream Array,5/14/2025,A,Pacific Lamprey,0,N/A,W,Wild Fish or Natural Production,METTRP - Methow Smolt Trap at McFarland Creek Road Bridge,1
3DD.0078E12B33,CGS-2025-064-KAE.xml,LMR - Lower Methow River at Pateros,5/31/2025 1:22:46 AM,5/31/2025 1:22:46 AM,Downstream Array,Downstream Array,4/29/2025,A,Pacific Lamprey,0,N/A,W,Wild Fish or Natural Production,METTRP - Methow Smolt Trap at McFarland Creek Road Bridge,1
3DD.0078E12B45,CGS-2025-064-KAE.xml,LMR - Lower Methow River at Pateros,12/11/2025 1:16:54 PM,12/11/2025 1:16:54 PM,Downstream Array,Downstream Array,5/20/2025,A,Pacific Lamprey,0,N/A,W,Wild Fish or Natural Production,METTRP - Methow Smolt Trap at McFarland Creek Road Bridge,1
3DD.0078E12B58,CGS-2025-064-KAE.xml,LMR - Lower Methow River at Pateros,12/11/2025 9:24:12 AM,12/11/2025 9:24:12 AM,Upstream Array,Upstream Array,5/20/2025,A,Pacific Lamprey,0,N/A,W,Wild Fish or Natural Production,METTRP - Methow Smolt Trap at McFarland Creek Road Bridge,1
3DD.0078E12B5D,CGS-2025-064-KAE.xml,LMR - Lower Methow River at Pateros,5/30/2025 12:26:28 AM,5/30/2025 12:26:28 AM,Upstream Array,Upstream Array,4/30/2025,A,Pacific Lamprey,0,N/A,W,Wild Fish or Natural Production,METTRP - Methow Smolt Trap at McFarland Creek Road Bridge,1
3DD.0078E13DC5,CGS-2025-064-KAE.xml,LMR - Lower Methow River at Pateros,5/25/2025 1:10:36 AM,5/25/2025 1:10:36 AM,Upstream Array,Upstream Array,5/23/2025,A,Pacific Lamprey,0,N/A,W,Wild Fish or Natural Production,METTRP - Methow Smolt Trap at McFarland Creek Road Bridge,1
3DD.0078E13DD0,CGS-2025-064-KAE.xml,LMR - Lower Methow River at Pateros,6/9/2025 4:08:31 PM,6/9/2025 4:08:31 PM,Downstream Array,Downstream Array,5/27/2025,A,Pacific Lamprey,0,N/A,W,Wild Fish or Natural Production,METTRP - Methow Smolt Trap at McFarland Creek Road Bridge,1
3DD.0078E13DD1,CGS-2025-064-KAE.xml,LMR - Lower Methow River at Pateros,12/11/2025 10:34:04 AM,12/11/2025 10:34:04 AM,Downstream Array,Downstream Array,5/30/2025,A,Pacific Lamprey,0,N/A,W,Wild Fish or Natural Production,METTRP - Methow Smolt Trap at McFarland Creek Road Bridge,1
3DD.0078E13DF3,CGS-2025-064-KAE.xml,LMR - Lower Methow River at Pateros,5/31/2025 2:52:55 AM,5/31/2025 2:52:55 AM,Upstream Array,Upstream Array,5/25/2025,A,Pacific Lamprey,0,N/A,W,Wild Fish or Natural Production,METTRP - Methow Smolt Trap at McFarland Creek Road Bridge,1
