tag,mark_file,mark_data_project,mark_site,mark_date,release_site,release_date,species_code,species_name,run_code,run_name,rear_type_code,rear_type_name,radio_tag,mark_count
3DD.003DF512B0,AJG-2026-204-001.json,AJG - Andrew Gingerich Douglas County PUD projects,WELH - Wells Hatchery,7/23/2026,"COLR7 - Columbia River - Lower Crab Creek to Chelan Falls, WA (km 661-809)",7/24/2026,A,Pacific Lamprey,0,N/A,W,Wild Fish or Natural Production,25,1
3DD.0078E12844,AJG-2026-204-001.json,AJG - Andrew Gingerich Douglas County PUD projects,WELH - Wells Hatchery,8/13/2026,"COLR7 - Columbia River - Lower Crab Creek to Chelan Falls, WA (km 661-809)",8/14/2026,A,Pacific Lamprey,0,N/A,W,Wild Fish or Natural Production,51,1
3DD.0078E1284A,AJG-2026-204-001.json,AJG - Andrew Gingerich Douglas County PUD projects,WELH - Wells Hatchery,8/13/2026,"COLR7 - Columbia River - Lower Crab Creek to Chelan Falls, WA (km 661-809)",8/14/2026,A,Pacific Lamprey,0,N/A,W,Wild Fish or Natural Production,50,1
3DD.0078E1284E,AJG-2026-204-001.json,AJG - Andrew Gingerich Douglas County PUD projects,WELH - Wells Hatchery,8/13/2026,"COLR7 - Columbia River - Lower Crab Creek to Chelan Falls, WA (km 661-809)",8/14/2026,A,Pacific Lamprey,0,N/A,W,Wild Fish or Natural Production,77,1
3DD.0078E1284F,AJG-2026-204-001.json,AJG - Andrew Gingerich Douglas County PUD projects,WELH - Wells Hatchery,8/6/2026,"COLR7 - Columbia River - Lower Crab Creek to Chelan Falls, WA (km 661-809)",8/7/2026,A,Pacific Lamprey,0,N/A,W,Wild Fish or Natural Production,91,1
3DD.0078E12851,AJG-2026-204-001.json,AJG - Andrew Gingerich Douglas County PUD projects,WELH - Wells Hatchery,8/13/2026,"COLR7 - Columbia River - Lower Crab Creek to Chelan Falls, WA (km 661-809)",8/14/2026,A,Pacific Lamprey,0,N/A,W,Wild Fish or Natural Production,53,1
3DD.0078E12854,AJG-2026-204-001.json,AJG - Andrew Gingerich Douglas County PUD projects,WELH - Wells Hatchery,8/13/2026,"COLR7 - Columbia River - Lower Crab Creek to Chelan Falls, WA (km 661-809)",8/14/2026,A,Pacific Lamprey,0,N/A,W,Wild Fish or Natural Production,52,1
3DD.0078E12856,AJG-2026-204-001.json,AJG - Andrew Gingerich Douglas County PUD projects,WELH - Wells Hatchery,8/6/2026,"COLR7 - Columbia River - Lower Crab Creek to Chelan Falls, WA (km 661-809)",8/7/2026,A,Pacific Lamprey,0,N/A,W,Wild Fish or Natural Production,40,1
3DD.0078E12857,AJG-2026-204-001.json,AJG - Andrew Gingerich Douglas County PUD projects,WELH - Wells Hatchery,8/13/2026,"COLR7 - Columbia River - Lower Crab Creek to Chelan Falls, WA (km 661-809)",8/14/2026,A,Pacific Lamprey,0,N/A,W,Wild Fish or Natural Production,54,1
3DD.0078E12858,AJG-2026-204-001.json,AJG - Andrew Gingerich Douglas County PUD projects,WELH - Wells Hatchery,8/13/2026,"COLR7 - Columbia River - Lower Crab Creek to Chelan Falls, WA (km 661-809)",8/14/2026,A,Pacific Lamprey,0,N/A,W,Wild Fish or Natural Production,65,1
3DD.0078E1285A,AJG-2026-204-001.json,AJG - Andrew Gingerich Douglas County PUD projects,WELH - Wells Hatchery,8/6/2026,"COLR7 - Columbia River - Lower Crab Creek to Chelan Falls, WA (km 661-809)",8/7/2026,A,Pacific Lamprey,0,N/A,W,Wild Fish or Natural Production,95,1
3DD.0078E1285B,AJG-2026-204-001.json,AJG - Andrew Gingerich Douglas County PUD projects,WELH - Wells Hatchery,8/13/2026,"COLR7 - Columbia River - Lower Crab Creek to Chelan Falls, WA (km 661-809)",8/14/2026,A,Pacific Lamprey,0,N/A,W,Wild Fish or Natural Production,74,1
3DD.0078E1285E,AJG-2026-204-001.json,AJG - Andrew Gingerich Douglas County PUD projects,WELH - Wells Hatchery,8/13/2026,"COLR7 - Columbia River - Lower Crab Creek to Chelan Falls, WA (km 661-809)",8/14/2026,A,Pacific Lamprey,0,N/A,W,Wild Fish or Natural Production,79,1
3DD.0078E12861,AJG-2026-204-001.json,AJG - Andrew Gingerich Douglas County PUD projects,WELH - Wells Hatchery,8/13/2026,"COLR7 - Columbia River - Lower Crab Creek to Chelan Falls, WA (km 661-809)",8/14/2026,A,Pacific Lamprey,0,N/A,W,Wild Fish or Natural Production,90,1
3DD.0078E12862,AJG-2026-204-001.json,AJG - Andrew Gingerich Douglas County PUD projects,WELH - Wells Hatchery,8/13/2026,"COLR7 - Columbia River - Lower Crab Creek to Chelan Falls, WA (km 661-809)",8/14/2026,A,Pacific Lamprey,0,N/A,W,Wild Fish or Natural Production,62,1
3DD.0078E12868,AJG-2026-204-001.json,AJG - Andrew Gingerich Douglas County PUD projects,WELH - Wells Hatchery,8/6/2026,"COLR7 - Columbia River - Lower Crab Creek to Chelan Falls, WA (km 661-809)",8/7/2026,A,Pacific Lamprey,0,N/A,W,Wild Fish or Natural Production,100,1
3DD.0078E12869,AJG-2026-204-001.json,AJG - Andrew Gingerich Douglas County PUD projects,WELH - Wells Hatchery,8/13/2026,"COLR7 - Columbia River - Lower Crab Creek to Chelan Falls, WA (km 661-809)",8/14/2026,A,Pacific Lamprey,0,N/A,W,Wild Fish or Natural Production,78,1
3DD.0078E1286B,AJG-2026-204-001.json,AJG - Andrew Gingerich Douglas County PUD projects,WELH - Wells Hatchery,8/13/2026,"COLR7 - Columbia River - Lower Crab Creek to Chelan Falls, WA (km 661-809)",8/14/2026,A,Pacific Lamprey,0,N/A,W,Wild Fish or Natural Production,76,1
3DD.0078E1286C,AJG-2026-204-001.json,AJG - Andrew Gingerich Douglas County PUD projects,WELH - Wells Hatchery,8/13/2026,"COLR7 - Columbia River - Lower Crab Creek to Chelan Falls, WA (km 661-809)",8/14/2026,A,Pacific Lamprey,0,N/A,W,Wild Fish or Natural Production,68,1
3DD.0078E1286D,AJG-2026-204-001.json,AJG - Andrew Gingerich Douglas County PUD projects,WELH - Wells Hatchery,8/6/2026,"COLR7 - Columbia River - Lower Crab Creek to Chelan Falls, WA (km 661-809)",8/7/2026,A,Pacific Lamprey,0,N/A,W,Wild Fish or Natural Production,44,1
3DD.0078E12873,AJG-2026-204-001.json,AJG - Andrew Gingerich Douglas County PUD projects,WELH - Wells Hatchery,8/13/2026,"COLR7 - Columbia River - Lower Crab Creek to Chelan Falls, WA (km 661-809)",8/14/2026,A,Pacific Lamprey,0,N/A,W,Wild Fish or Natural Production,61,1
3DD.0078E12874,AJG-2026-204-001.json,AJG - Andrew Gingerich Douglas County PUD projects,WELH - Wells Hatchery,8/13/2026,"COLR7 - Columbia River - Lower Crab Creek to Chelan Falls, WA (km 661-809)",8/14/2026,A,Pacific Lamprey,0,N/A,W,Wild Fish or Natural Production,67,1
3DD.0078E12877,AJG-2026-204-001.json,AJG - Andrew Gingerich Douglas County PUD projects,WELH - Wells Hatchery,8/6/2026,"COLR7 - Columbia River - Lower Crab Creek to Chelan Falls, WA (km 661-809)",8/7/2026,A,Pacific Lamprey,0,N/A,W,Wild Fish or Natural Production,85,1
3DD.0078E12879,AJG-2026-204-001.json,AJG - Andrew Gingerich Douglas County PUD projects,WELH - Wells Hatchery,8/13/2026,"COLR7 - Columbia River - Lower Crab Creek to Chelan Falls, WA (km 661-809)",8/14/2026,A,Pacific Lamprey,0,N/A,W,Wild Fish or Natural Production,60,1
3DD.0078E1287D,AJG-2026-204-001.json,AJG - Andrew Gingerich Douglas County PUD projects,WELH - Wells Hatchery,8/6/2026,"COLR7 - Columbia River - Lower Crab Creek to Chelan Falls, WA (km 661-809)",8/7/2026,A,Pacific Lamprey,0,N/A,W,Wild Fish or Natural Production,46,1
3DD.0078E12880,AJG-2026-204-001.json,AJG - Andrew Gingerich Douglas County PUD projects,WELH - Wells Hatchery,8/13/2026,"COLR7 - Columbia River - Lower Crab Creek to Chelan Falls, WA (km 661-809)",8/14/2026,A,Pacific Lamprey,0,N/A,W,Wild Fish or Natural Production,56,1
3DD.0078E12881,AJG-2026-204-001.json,AJG - Andrew Gingerich Douglas County PUD projects,WELH - Wells Hatchery,8/13/2026,"COLR7 - Columbia River - Lower Crab Creek to Chelan Falls, WA (km 661-809)",8/14/2026,A,Pacific Lamprey,0,N/A,W,Wild Fish or Natural Production,58,1
3DD.0078E12883,AJG-2026-204-001.json,AJG - Andrew Gingerich Douglas County PUD projects,WELH - Wells Hatchery,8/6/2026,"COLR7 - Columbia River - Lower Crab Creek to Chelan Falls, WA (km 661-809)",8/7/2026,A,Pacific Lamprey,0,N/A,W,Wild Fish or Natural Production,32,1
3DD.0078E12886,AJG-2026-204-001.json,AJG - Andrew Gingerich Douglas County PUD projects,WELH - Wells Hatchery,8/6/2026,"COLR7 - Columbia River - Lower Crab Creek to Chelan Falls, WA (km 661-809)",8/7/2026,A,Pacific Lamprey,0,N/A,W,Wild Fish or Natural Production,47,1
3DD.0078E12889,AJG-2026-204-001.json,AJG - Andrew Gingerich Douglas County PUD projects,WELH - Wells Hatchery,8/6/2026,"COLR7 - Columbia River - Lower Crab Creek to Chelan Falls, WA (km 661-809)",8/7/2026,A,Pacific Lamprey,0,N/A,W,Wild Fish or Natural Production,93,1
3DD.0078E1288C,AJG-2026-204-001.json,AJG - Andrew Gingerich Douglas County PUD projects,WELH - Wells Hatchery,8/13/2026,"COLR7 - Columbia River - Lower Crab Creek to Chelan Falls, WA (km 661-809)",8/14/2026,A,Pacific Lamprey,0,N/A,W,Wild Fish or Natural Production,98,1
3DD.0078E1288D,AJG-2026-204-001.json,AJG - Andrew Gingerich Douglas County PUD projects,WELH - Wells Hatchery,8/13/2026,"COLR7 - Columbia River - Lower Crab Creek to Chelan Falls, WA (km 661-809)",8/14/2026,A,Pacific Lamprey,0,N/A,W,Wild Fish or Natural Production,71,1
3DD.0078E1288E,AJG-2026-204-001.json,AJG - Andrew Gingerich Douglas County PUD projects,WELH - Wells Hatchery,8/13/2026,"COLR7 - Columbia River - Lower Crab Creek to Chelan Falls, WA (km 661-809)",8/14/2026,A,Pacific Lamprey,0,N/A,W,Wild Fish or Natural Production,63,1
3DD.0078E12893,AJG-2026-204-001.json,AJG - Andrew Gingerich Douglas County PUD projects,WELH - Wells Hatchery,8/13/2026,"COLR7 - Columbia River - Lower Crab Creek to Chelan Falls, WA (km 661-809)",8/14/2026,A,Pacific Lamprey,0,N/A,W,Wild Fish or Natural Production,72,1
3DD.0078E12895,AJG-2026-204-001.json,AJG - Andrew Gingerich Douglas County PUD projects,WELH - Wells Hatchery,8/13/2026,"COLR7 - Columbia River - Lower Crab Creek to Chelan Falls, WA (km 661-809)",8/14/2026,A,Pacific Lamprey,0,N/A,W,Wild Fish or Natural Production,75,1
3DD.0078E12896,AJG-2026-204-001.json,AJG - Andrew Gingerich Douglas County PUD projects,WELH - Wells Hatchery,8/13/2026,"COLR7 - Columbia River - Lower Crab Creek to Chelan Falls, WA (km 661-809)",8/14/2026,A,Pacific Lamprey,0,N/A,W,Wild Fish or Natural Production,69,1
3DD.0078E12898,AJG-2026-204-001.json,AJG - Andrew Gingerich Douglas County PUD projects,WELH - Wells Hatchery,8/13/2026,"COLR7 - Columbia River - Lower Crab Creek to Chelan Falls, WA (km 661-809)",8/14/2026,A,Pacific Lamprey,0,N/A,W,Wild Fish or Natural Production,43,1
3DD.0078E1289B,AJG-2026-204-001.json,AJG - Andrew Gingerich Douglas County PUD projects,WELH - Wells Hatchery,8/13/2026,"COLR7 - Columbia River - Lower Crab Creek to Chelan Falls, WA (km 661-809)",8/14/2026,A,Pacific Lamprey,0,N/A,W,Wild Fish or Natural Production,70,1
3DD.0078E1289E,AJG-2026-204-001.json,AJG - Andrew Gingerich Douglas County PUD projects,WELH - Wells Hatchery,8/13/2026,"COLR7 - Columbia River - Lower Crab Creek to Chelan Falls, WA (km 661-809)",8/14/2026,A,Pacific Lamprey,0,N/A,W,Wild Fish or Natural Production,96,1
3DD.0078E128A0,AJG-2026-204-001.json,AJG - Andrew Gingerich Douglas County PUD projects,WELH - Wells Hatchery,8/13/2026,"COLR7 - Columbia River - Lower Crab Creek to Chelan Falls, WA (km 661-809)",8/14/2026,A,Pacific Lamprey,0,N/A,W,Wild Fish or Natural Production,80,1
3DD.0078E128A7,AJG-2026-204-001.json,AJG - Andrew Gingerich Douglas County PUD projects,WELH - Wells Hatchery,8/13/2026,"COLR7 - Columbia River - Lower Crab Creek to Chelan Falls, WA (km 661-809)",8/14/2026,A,Pacific Lamprey,0,N/A,W,Wild Fish or Natural Production,97,1
3DD.0078E12C2F,AJG-2026-204-001.json,AJG - Andrew Gingerich Douglas County PUD projects,WELH - Wells Hatchery,7/30/2026,"COLR7 - Columbia River - Lower Crab Creek to Chelan Falls, WA (km 661-809)",7/31/2026,A,Pacific Lamprey,0,N/A,W,Wild Fish or Natural Production,42,1
3DD.0078E12C31,AJG-2026-204-001.json,AJG - Andrew Gingerich Douglas County PUD projects,WELH - Wells Hatchery,7/30/2026,"COLR7 - Columbia River - Lower Crab Creek to Chelan Falls, WA (km 661-809)",7/31/2026,A,Pacific Lamprey,0,N/A,W,Wild Fish or Natural Production,87,1
3DD.0078E12C32,AJG-2026-204-001.json,AJG - Andrew Gingerich Douglas County PUD projects,WELH - Wells Hatchery,8/6/2026,"COLR7 - Columbia River - Lower Crab Creek to Chelan Falls, WA (km 661-809)",8/7/2026,A,Pacific Lamprey,0,N/A,W,Wild Fish or Natural Production,81,1
3DD.0078E12C33,AJG-2026-204-001.json,AJG - Andrew Gingerich Douglas County PUD projects,WELH - Wells Hatchery,7/30/2026,"COLR7 - Columbia River - Lower Crab Creek to Chelan Falls, WA (km 661-809)",7/31/2026,A,Pacific Lamprey,0,N/A,W,Wild Fish or Natural Production,NA,1
3DD.0078E12C34,AJG-2026-204-001.json,AJG - Andrew Gingerich Douglas County PUD projects,WELH - Wells Hatchery,7/30/2026,"COLR7 - Columbia River - Lower Crab Creek to Chelan Falls, WA (km 661-809)",7/31/2026,A,Pacific Lamprey,0,N/A,W,Wild Fish or Natural Production,11,1
3DD.0078E12C35,AJG-2026-204-001.json,AJG - Andrew Gingerich Douglas County PUD projects,WELH - Wells Hatchery,8/6/2026,"COLR7 - Columbia River - Lower Crab Creek to Chelan Falls, WA (km 661-809)",8/7/2026,A,Pacific Lamprey,0,N/A,W,Wild Fish or Natural Production,38,1
3DD.0078E12C36,AJG-2026-204-001.json,AJG - Andrew Gingerich Douglas County PUD projects,WELH - Wells Hatchery,8/6/2026,"COLR7 - Columbia River - Lower Crab Creek to Chelan Falls, WA (km 661-809)",8/7/2026,A,Pacific Lamprey,0,N/A,W,Wild Fish or Natural Production,94,1
3DD.0078E12C38,AJG-2026-204-001.json,AJG - Andrew Gingerich Douglas County PUD projects,WELH - Wells Hatchery,7/30/2026,"COLR7 - Columbia River - Lower Crab Creek to Chelan Falls, WA (km 661-809)",7/31/2026,A,Pacific Lamprey,0,N/A,W,Wild Fish or Natural Production,NA,1
3DD.0078E12C39,AJG-2026-204-001.json,AJG - Andrew Gingerich Douglas County PUD projects,WELH - Wells Hatchery,7/30/2026,"COLR7 - Columbia River - Lower Crab Creek to Chelan Falls, WA (km 661-809)",7/31/2026,A,Pacific Lamprey,0,N/A,W,Wild Fish or Natural Production,NA,1
3DD.0078E12C3B,AJG-2026-204-001.json,AJG - Andrew Gingerich Douglas County PUD projects,WELH - Wells Hatchery,7/30/2026,"COLR7 - Columbia River - Lower Crab Creek to Chelan Falls, WA (km 661-809)",7/31/2026,A,Pacific Lamprey,0,N/A,W,Wild Fish or Natural Production,20,1
3DD.0078E12C3C,AJG-2026-204-001.json,AJG - Andrew Gingerich Douglas County PUD projects,WELH - Wells Hatchery,7/23/2026,"COLR7 - Columbia River - Lower Crab Creek to Chelan Falls, WA (km 661-809)",7/24/2026,A,Pacific Lamprey,0,N/A,W,Wild Fish or Natural Production,16,1
3DD.0078E12C3D,AJG-2026-204-001.json,AJG - Andrew Gingerich Douglas County PUD projects,WELH - Wells Hatchery,7/23/2026,"COLR7 - Columbia River - Lower Crab Creek to Chelan Falls, WA (km 661-809)",7/24/2026,A,Pacific Lamprey,0,N/A,W,Wild Fish or Natural Production,8,1
3DD.0078E12C3E,AJG-2026-204-001.json,AJG - Andrew Gingerich Douglas County PUD projects,WELH - Wells Hatchery,7/30/2026,"COLR7 - Columbia River - Lower Crab Creek to Chelan Falls, WA (km 661-809)",7/31/2026,A,Pacific Lamprey,0,N/A,W,Wild Fish or Natural Production,NA,1
3DD.0078E12C40,AJG-2026-204-001.json,AJG - Andrew Gingerich Douglas County PUD projects,WELH - Wells Hatchery,7/23/2026,"COLR7 - Columbia River - Lower Crab Creek to Chelan Falls, WA (km 661-809)",7/24/2026,A,Pacific Lamprey,0,N/A,W,Wild Fish or Natural Production,22,1
3DD.0078E12C41,AJG-2026-204-001.json,AJG - Andrew Gingerich Douglas County PUD projects,WELH - Wells Hatchery,8/6/2026,"COLR7 - Columbia River - Lower Crab Creek to Chelan Falls, WA (km 661-809)",8/7/2026,A,Pacific Lamprey,0,N/A,W,Wild Fish or Natural Production,88,1
3DD.0078E12C42,AJG-2026-204-001.json,AJG - Andrew Gingerich Douglas County PUD projects,WELH - Wells Hatchery,8/6/2026,"COLR7 - Columbia River - Lower Crab Creek to Chelan Falls, WA (km 661-809)",8/7/2026,A,Pacific Lamprey,0,N/A,W,Wild Fish or Natural Production,84,1
3DD.0078E12C44,AJG-2026-204-001.json,AJG - Andrew Gingerich Douglas County PUD projects,WELH - Wells Hatchery,7/30/2026,"COLR7 - Columbia River - Lower Crab Creek to Chelan Falls, WA (km 661-809)",7/31/2026,A,Pacific Lamprey,0,N/A,W,Wild Fish or Natural Production,86,1
3DD.0078E12C46,AJG-2026-204-001.json,AJG - Andrew Gingerich Douglas County PUD projects,WELH - Wells Hatchery,7/30/2026,"COLR7 - Columbia River - Lower Crab Creek to Chelan Falls, WA (km 661-809)",7/31/2026,A,Pacific Lamprey,0,N/A,W,Wild Fish or Natural Production,NA,1
3DD.0078E12C47,AJG-2026-204-001.json,AJG - Andrew Gingerich Douglas County PUD projects,WELH - Wells Hatchery,7/30/2026,"COLR7 - Columbia River - Lower Crab Creek to Chelan Falls, WA (km 661-809)",7/31/2026,A,Pacific Lamprey,0,N/A,W,Wild Fish or Natural Production,NA,1
3DD.0078E12C48,AJG-2026-204-001.json,AJG - Andrew Gingerich Douglas County PUD projects,WELH - Wells Hatchery,8/6/2026,"COLR7 - Columbia River - Lower Crab Creek to Chelan Falls, WA (km 661-809)",8/7/2026,A,Pacific Lamprey,0,N/A,W,Wild Fish or Natural Production,82,1
3DD.0078E12C49,AJG-2026-204-001.json,AJG - Andrew Gingerich Douglas County PUD projects,WELH - Wells Hatchery,7/30/2026,"COLR7 - Columbia River - Lower Crab Creek to Chelan Falls, WA (km 661-809)",7/31/2026,A,Pacific Lamprey,0,N/A,W,Wild Fish or Natural Production,NA,1
3DD.0078E12C4A,AJG-2026-204-001.json,AJG - Andrew Gingerich Douglas County PUD projects,WELH - Wells Hatchery,7/30/2026,"COLR7 - Columbia River - Lower Crab Creek to Chelan Falls, WA (km 661-809)",7/31/2026,A,Pacific Lamprey,0,N/A,W,Wild Fish or Natural Production,2,1
3DD.0078E12C4B,AJG-2026-204-001.json,AJG - Andrew Gingerich Douglas County PUD projects,WELH - Wells Hatchery,7/23/2026,"COLR7 - Columbia River - Lower Crab Creek to Chelan Falls, WA (km 661-809)",7/24/2026,A,Pacific Lamprey,0,N/A,W,Wild Fish or Natural Production,12,1
3DD.0078E12C4D,AJG-2026-204-001.json,AJG - Andrew Gingerich Douglas County PUD projects,WELH - Wells Hatchery,7/30/2026,"COLR7 - Columbia River - Lower Crab Creek to Chelan Falls, WA (km 661-809)",7/31/2026,A,Pacific Lamprey,0,N/A,W,Wild Fish or Natural Production,41,1
3DD.0078E12C4E,AJG-2026-204-001.json,AJG - Andrew Gingerich Douglas County PUD projects,WELH - Wells Hatchery,8/6/2026,"COLR7 - Columbia River - Lower Crab Creek to Chelan Falls, WA (km 661-809)",8/7/2026,A,Pacific Lamprey,0,N/A,W,Wild Fish or Natural Production,33,1
3DD.0078E12C4F,AJG-2026-204-001.json,AJG - Andrew Gingerich Douglas County PUD projects,WELH - Wells Hatchery,7/30/2026,"COLR7 - Columbia River - Lower Crab Creek to Chelan Falls, WA (km 661-809)",7/31/2026,A,Pacific Lamprey,0,N/A,W,Wild Fish or Natural Production,24,1
3DD.0078E12C50,AJG-2026-204-001.json,AJG - Andrew Gingerich Douglas County PUD projects,WELH - Wells Hatchery,7/30/2026,"COLR7 - Columbia River - Lower Crab Creek to Chelan Falls, WA (km 661-809)",7/31/2026,A,Pacific Lamprey,0,N/A,W,Wild Fish or Natural Production,NA,1
3DD.0078E12C51,AJG-2026-204-001.json,AJG - Andrew Gingerich Douglas County PUD projects,WELH - Wells Hatchery,8/6/2026,"COLR7 - Columbia River - Lower Crab Creek to Chelan Falls, WA (km 661-809)",8/7/2026,A,Pacific Lamprey,0,N/A,W,Wild Fish or Natural Production,83,1
3DD.0078E12C52,AJG-2026-204-001.json,AJG - Andrew Gingerich Douglas County PUD projects,WELH - Wells Hatchery,7/30/2026,"COLR7 - Columbia River - Lower Crab Creek to Chelan Falls, WA (km 661-809)",7/31/2026,A,Pacific Lamprey,0,N/A,W,Wild Fish or Natural Production,NA,1
3DD.0078E12C53,AJG-2026-204-001.json,AJG - Andrew Gingerich Douglas County PUD projects,WELH - Wells Hatchery,7/23/2026,"COLR7 - Columbia River - Lower Crab Creek to Chelan Falls, WA (km 661-809)",7/24/2026,A,Pacific Lamprey,0,N/A,W,Wild Fish or Natural Production,15,1
3DD.0078E12C55,AJG-2026-204-001.json,AJG - Andrew Gingerich Douglas County PUD projects,WELH - Wells Hatchery,7/30/2026,"COLR7 - Columbia River - Lower Crab Creek to Chelan Falls, WA (km 661-809)",7/31/2026,A,Pacific Lamprey,0,N/A,W,Wild Fish or Natural Production,23,1
3DD.0078E12C56,AJG-2026-204-001.json,AJG - Andrew Gingerich Douglas County PUD projects,WELH - Wells Hatchery,7/23/2026,"COLR7 - Columbia River - Lower Crab Creek to Chelan Falls, WA (km 661-809)",7/24/2026,A,Pacific Lamprey,0,N/A,W,Wild Fish or Natural Production,19,1
3DD.0078E12C57,AJG-2026-204-001.json,AJG - Andrew Gingerich Douglas County PUD projects,WELH - Wells Hatchery,7/23/2026,"COLR7 - Columbia River - Lower Crab Creek to Chelan Falls, WA (km 661-809)",7/24/2026,A,Pacific Lamprey,0,N/A,W,Wild Fish or Natural Production,4,1
3DD.0078E12C58,AJG-2026-204-001.json,AJG - Andrew Gingerich Douglas County PUD projects,WELH - Wells Hatchery,7/30/2026,"COLR7 - Columbia River - Lower Crab Creek to Chelan Falls, WA (km 661-809)",7/31/2026,A,Pacific Lamprey,0,N/A,W,Wild Fish or Natural Production,37,1
3DD.0078E12C59,AJG-2026-204-001.json,AJG - Andrew Gingerich Douglas County PUD projects,WELH - Wells Hatchery,7/30/2026,"COLR7 - Columbia River - Lower Crab Creek to Chelan Falls, WA (km 661-809)",7/31/2026,A,Pacific Lamprey,0,N/A,W,Wild Fish or Natural Production,3,1
3DD.0078E12C5B,AJG-2026-204-001.json,AJG - Andrew Gingerich Douglas County PUD projects,WELH - Wells Hatchery,7/30/2026,"COLR7 - Columbia River - Lower Crab Creek to Chelan Falls, WA (km 661-809)",7/31/2026,A,Pacific Lamprey,0,N/A,W,Wild Fish or Natural Production,6,1
3DD.0078E12C5C,AJG-2026-204-001.json,AJG - Andrew Gingerich Douglas County PUD projects,WELH - Wells Hatchery,7/23/2026,"COLR7 - Columbia River - Lower Crab Creek to Chelan Falls, WA (km 661-809)",7/24/2026,A,Pacific Lamprey,0,N/A,W,Wild Fish or Natural Production,13,1
3DD.0078E12C5D,AJG-2026-204-001.json,AJG - Andrew Gingerich Douglas County PUD projects,WELH - Wells Hatchery,7/23/2026,"COLR7 - Columbia River - Lower Crab Creek to Chelan Falls, WA (km 661-809)",7/24/2026,A,Pacific Lamprey,0,N/A,W,Wild Fish or Natural Production,21,1
3DD.0078E12C5E,AJG-2026-204-001.json,AJG - Andrew Gingerich Douglas County PUD projects,WELH - Wells Hatchery,7/30/2026,"COLR7 - Columbia River - Lower Crab Creek to Chelan Falls, WA (km 661-809)",7/31/2026,A,Pacific Lamprey,0,N/A,W,Wild Fish or Natural Production,NA,1
3DD.0078E12C60,AJG-2026-204-001.json,AJG - Andrew Gingerich Douglas County PUD projects,WELH - Wells Hatchery,7/23/2026,"COLR7 - Columbia River - Lower Crab Creek to Chelan Falls, WA (km 661-809)",7/24/2026,A,Pacific Lamprey,0,N/A,W,Wild Fish or Natural Production,28,1
3DD.0078E12C61,AJG-2026-204-001.json,AJG - Andrew Gingerich Douglas County PUD projects,WELH - Wells Hatchery,7/30/2026,"COLR7 - Columbia River - Lower Crab Creek to Chelan Falls, WA (km 661-809)",7/31/2026,A,Pacific Lamprey,0,N/A,W,Wild Fish or Natural Production,NA,1
3DD.0078E12C63,AJG-2026-204-001.json,AJG - Andrew Gingerich Douglas County PUD projects,WELH - Wells Hatchery,8/6/2026,"COLR7 - Columbia River - Lower Crab Creek to Chelan Falls, WA (km 661-809)",8/7/2026,A,Pacific Lamprey,0,N/A,W,Wild Fish or Natural Production,34,1
3DD.0078E12C64,AJG-2026-204-001.json,AJG - Andrew Gingerich Douglas County PUD projects,WELH - Wells Hatchery,7/30/2026,"COLR7 - Columbia River - Lower Crab Creek to Chelan Falls, WA (km 661-809)",7/31/2026,A,Pacific Lamprey,0,N/A,W,Wild Fish or Natural Production,NA,1
3DD.0078E12C65,AJG-2026-204-001.json,AJG - Andrew Gingerich Douglas County PUD projects,WELH - Wells Hatchery,7/30/2026,"COLR7 - Columbia River - Lower Crab Creek to Chelan Falls, WA (km 661-809)",7/31/2026,A,Pacific Lamprey,0,N/A,W,Wild Fish or Natural Production,39,1
3DD.0078E12C66,AJG-2026-204-001.json,AJG - Andrew Gingerich Douglas County PUD projects,WELH - Wells Hatchery,7/30/2026,"COLR7 - Columbia River - Lower Crab Creek to Chelan Falls, WA (km 661-809)",7/31/2026,A,Pacific Lamprey,0,N/A,W,Wild Fish or Natural Production,NA,1
3DD.0078E12C67,AJG-2026-204-001.json,AJG - Andrew Gingerich Douglas County PUD projects,WELH - Wells Hatchery,7/30/2026,"COLR7 - Columbia River - Lower Crab Creek to Chelan Falls, WA (km 661-809)",7/31/2026,A,Pacific Lamprey,0,N/A,W,Wild Fish or Natural Production,36,1
3DD.0078E12C68,AJG-2026-204-001.json,AJG - Andrew Gingerich Douglas County PUD projects,WELH - Wells Hatchery,7/23/2026,"COLR7 - Columbia River - Lower Crab Creek to Chelan Falls, WA (km 661-809)",7/24/2026,A,Pacific Lamprey,0,N/A,W,Wild Fish or Natural Production,5,1
3DD.0078E12C69,AJG-2026-204-001.json,AJG - Andrew Gingerich Douglas County PUD projects,WELH - Wells Hatchery,7/30/2026,"COLR7 - Columbia River - Lower Crab Creek to Chelan Falls, WA (km 661-809)",7/31/2026,A,Pacific Lamprey,0,N/A,W,Wild Fish or Natural Production,10,1
3DD.0078E12C6A,AJG-2026-204-001.json,AJG - Andrew Gingerich Douglas County PUD projects,WELH - Wells Hatchery,8/6/2026,"COLR7 - Columbia River - Lower Crab Creek to Chelan Falls, WA (km 661-809)",8/7/2026,A,Pacific Lamprey,0,N/A,W,Wild Fish or Natural Production,49,1
3DD.0078E12C6B,AJG-2026-204-001.json,AJG - Andrew Gingerich Douglas County PUD projects,WELH - Wells Hatchery,7/30/2026,"COLR7 - Columbia River - Lower Crab Creek to Chelan Falls, WA (km 661-809)",7/31/2026,A,Pacific Lamprey,0,N/A,W,Wild Fish or Natural Production,30,1
3DD.0078E12C6C,AJG-2026-204-001.json,AJG - Andrew Gingerich Douglas County PUD projects,WELH - Wells Hatchery,7/30/2026,"COLR7 - Columbia River - Lower Crab Creek to Chelan Falls, WA (km 661-809)",7/31/2026,A,Pacific Lamprey,0,N/A,W,Wild Fish or Natural Production,NA,1
3DD.0078E12C6D,AJG-2026-204-001.json,AJG - Andrew Gingerich Douglas County PUD projects,WELH - Wells Hatchery,8/6/2026,"COLR7 - Columbia River - Lower Crab Creek to Chelan Falls, WA (km 661-809)",8/7/2026,A,Pacific Lamprey,0,N/A,W,Wild Fish or Natural Production,35,1
3DD.0078E12C6E,AJG-2026-204-001.json,AJG - Andrew Gingerich Douglas County PUD projects,WELH - Wells Hatchery,7/30/2026,"COLR7 - Columbia River - Lower Crab Creek to Chelan Falls, WA (km 661-809)",7/31/2026,A,Pacific Lamprey,0,N/A,W,Wild Fish or Natural Production,NA,1
3DD.0078E12C71,AJG-2026-204-001.json,AJG - Andrew Gingerich Douglas County PUD projects,WELH - Wells Hatchery,7/30/2026,"COLR7 - Columbia River - Lower Crab Creek to Chelan Falls, WA (km 661-809)",7/31/2026,A,Pacific Lamprey,0,N/A,W,Wild Fish or Natural Production,NA,1
3DD.0078E12C72,AJG-2026-204-001.json,AJG - Andrew Gingerich Douglas County PUD projects,WELH - Wells Hatchery,7/23/2026,"COLR7 - Columbia River - Lower Crab Creek to Chelan Falls, WA (km 661-809)",7/24/2026,A,Pacific Lamprey,0,N/A,W,Wild Fish or Natural Production,29,1
3DD.0078E12C73,AJG-2026-204-001.json,AJG - Andrew Gingerich Douglas County PUD projects,WELH - Wells Hatchery,7/30/2026,"COLR7 - Columbia River - Lower Crab Creek to Chelan Falls, WA (km 661-809)",7/31/2026,A,Pacific Lamprey,0,N/A,W,Wild Fish or Natural Production,NA,1
3DD.0078E12C74,AJG-2026-204-001.json,AJG - Andrew Gingerich Douglas County PUD projects,WELH - Wells Hatchery,8/6/2026,"COLR7 - Columbia River - Lower Crab Creek to Chelan Falls, WA (km 661-809)",8/7/2026,A,Pacific Lamprey,0,N/A,W,Wild Fish or Natural Production,99,1
3DD.0078E12C75,AJG-2026-204-001.json,AJG - Andrew Gingerich Douglas County PUD projects,WELH - Wells Hatchery,7/30/2026,"COLR7 - Columbia River - Lower Crab Creek to Chelan Falls, WA (km 661-809)",7/31/2026,A,Pacific Lamprey,0,N/A,W,Wild Fish or Natural Production,NA,1
3DD.0078E12C77,AJG-2026-204-001.json,AJG - Andrew Gingerich Douglas County PUD projects,WELH - Wells Hatchery,7/23/2026,"COLR7 - Columbia River - Lower Crab Creek to Chelan Falls, WA (km 661-809)",7/24/2026,A,Pacific Lamprey,0,N/A,W,Wild Fish or Natural Production,1,1
3DD.0078E12C79,AJG-2026-204-001.json,AJG - Andrew Gingerich Douglas County PUD projects,WELH - Wells Hatchery,7/23/2026,"COLR7 - Columbia River - Lower Crab Creek to Chelan Falls, WA (km 661-809)",7/24/2026,A,Pacific Lamprey,0,N/A,W,Wild Fish or Natural Production,27,1
3DD.0078E12C7C,AJG-2026-204-001.json,AJG - Andrew Gingerich Douglas County PUD projects,WELH - Wells Hatchery,7/23/2026,"COLR7 - Columbia River - Lower Crab Creek to Chelan Falls, WA (km 661-809)",7/24/2026,A,Pacific Lamprey,0,N/A,W,Wild Fish or Natural Production,18,1
3DD.0078E12C7D,AJG-2026-204-001.json,AJG - Andrew Gingerich Douglas County PUD projects,WELH - Wells Hatchery,7/30/2026,"COLR7 - Columbia River - Lower Crab Creek to Chelan Falls, WA (km 661-809)",7/31/2026,A,Pacific Lamprey,0,N/A,W,Wild Fish or Natural Production,NA,1
3DD.0078E12C7E,AJG-2026-204-001.json,AJG - Andrew Gingerich Douglas County PUD projects,WELH - Wells Hatchery,7/23/2026,"COLR7 - Columbia River - Lower Crab Creek to Chelan Falls, WA (km 661-809)",7/24/2026,A,Pacific Lamprey,0,N/A,W,Wild Fish or Natural Production,9,1
3DD.0078E12C80,AJG-2026-204-001.json,AJG - Andrew Gingerich Douglas County PUD projects,WELH - Wells Hatchery,7/23/2026,"COLR7 - Columbia River - Lower Crab Creek to Chelan Falls, WA (km 661-809)",7/24/2026,A,Pacific Lamprey,0,N/A,W,Wild Fish or Natural Production,26,1
3DD.0078E12C81,AJG-2026-204-001.json,AJG - Andrew Gingerich Douglas County PUD projects,WELH - Wells Hatchery,7/30/2026,"COLR7 - Columbia River - Lower Crab Creek to Chelan Falls, WA (km 661-809)",7/31/2026,A,Pacific Lamprey,0,N/A,W,Wild Fish or Natural Production,NA,1
3DD.0078E12C82,AJG-2026-204-001.json,AJG - Andrew Gingerich Douglas County PUD projects,WELH - Wells Hatchery,7/30/2026,"COLR7 - Columbia River - Lower Crab Creek to Chelan Falls, WA (km 661-809)",7/31/2026,A,Pacific Lamprey,0,N/A,W,Wild Fish or Natural Production,7,1
3DD.0078E12C84,AJG-2026-204-001.json,AJG - Andrew Gingerich Douglas County PUD projects,WELH - Wells Hatchery,7/30/2026,"COLR7 - Columbia River - Lower Crab Creek to Chelan Falls, WA (km 661-809)",7/31/2026,A,Pacific Lamprey,0,N/A,W,Wild Fish or Natural Production,92,1
3DD.0078E12C85,AJG-2026-204-001.json,AJG - Andrew Gingerich Douglas County PUD projects,WELH - Wells Hatchery,7/30/2026,"COLR7 - Columbia River - Lower Crab Creek to Chelan Falls, WA (km 661-809)",7/31/2026,A,Pacific Lamprey,0,N/A,W,Wild Fish or Natural Production,48,1
3DD.0078E12C88,AJG-2026-204-001.json,AJG - Andrew Gingerich Douglas County PUD projects,WELH - Wells Hatchery,7/30/2026,"COLR7 - Columbia River - Lower Crab Creek to Chelan Falls, WA (km 661-809)",7/31/2026,A,Pacific Lamprey,0,N/A,W,Wild Fish or Natural Production,NA,1
3DD.0078E12C8A,AJG-2026-204-001.json,AJG - Andrew Gingerich Douglas County PUD projects,WELH - Wells Hatchery,7/23/2026,"COLR7 - Columbia River - Lower Crab Creek to Chelan Falls, WA (km 661-809)",7/24/2026,A,Pacific Lamprey,0,N/A,W,Wild Fish or Natural Production,14,1
3DD.0078E12C8B,AJG-2026-204-001.json,AJG - Andrew Gingerich Douglas County PUD projects,WELH - Wells Hatchery,7/30/2026,"COLR7 - Columbia River - Lower Crab Creek to Chelan Falls, WA (km 661-809)",7/31/2026,A,Pacific Lamprey,0,N/A,W,Wild Fish or Natural Production,NA,1
3DD.0078E12C8C,AJG-2026-204-001.json,AJG - Andrew Gingerich Douglas County PUD projects,WELH - Wells Hatchery,7/30/2026,"COLR7 - Columbia River - Lower Crab Creek to Chelan Falls, WA (km 661-809)",7/31/2026,A,Pacific Lamprey,0,N/A,W,Wild Fish or Natural Production,89,1
3DD.0078E12C8D,AJG-2026-204-001.json,AJG - Andrew Gingerich Douglas County PUD projects,WELH - Wells Hatchery,7/30/2026,"COLR7 - Columbia River - Lower Crab Creek to Chelan Falls, WA (km 661-809)",7/31/2026,A,Pacific Lamprey,0,N/A,W,Wild Fish or Natural Production,NA,1
3DD.0078E12C8E,AJG-2026-204-001.json,AJG - Andrew Gingerich Douglas County PUD projects,WELH - Wells Hatchery,8/6/2026,"COLR7 - Columbia River - Lower Crab Creek to Chelan Falls, WA (km 661-809)",8/7/2026,A,Pacific Lamprey,0,N/A,W,Wild Fish or Natural Production,31,1
3DD.0078E12C8F,AJG-2026-204-001.json,AJG - Andrew Gingerich Douglas County PUD projects,WELH - Wells Hatchery,7/23/2026,"COLR7 - Columbia River - Lower Crab Creek to Chelan Falls, WA (km 661-809)",7/24/2026,A,Pacific Lamprey,0,N/A,W,Wild Fish or Natural Production,17,1
